"last_value","orderbook_diff","estimated_value","difference"
0.4008,-136940,0.400921082336065,-0.000121082336064615
0.4012,-103972,0.400762268703862,0.000437731296138333
0.4008,-123919,0.401051944517365,-0.000251944517364933
0.4007,-139846,0.400652734696114,4.7265303886046e-05
0.4006,-135197,0.400605290041947,-5.29004194677052e-06
0.401,-166815,0.400665174065804,0.000334825934195537
0.4009,-130069,0.400605170020506,0.000294829979493871
0.401,-144644,0.400729131820398,0.000270868179601591
0.4012,-153966,0.400943652258511,0.000256347741488971
0.40305,-127492,0.402943874270061,0.000106125729938844
0.4028,-39979,0.40303662910056,-0.000236629100559715
0.4027,-137002,0.402544510007864,0.000155489992136271
0.4025,-112780,0.403035490376966,-0.000535490376966263
0.4022,-155611,0.40257751560167,-0.00037751560167032
0.4033,-143406,0.402820943034613,0.000479056965386582
0.4032,-123828,0.403311916424517,-0.000111916424516689
0.4021,-174544,0.402710449013749,-0.000610449013748904
0.4019,-76296,0.40197023986597,-7.02398659699344e-05
0.4017,-181032,0.402126101823426,-0.000426101823425673
0.4015,-166305,0.401257052211467,0.00024294778853251
0.4012,-124700,0.401390175083647,-0.000190175083646771
0.4011,-192477,0.401315886006537,-0.000215886006536714
0.4011,-192477,0.401315886006537,-0.000215886006536714
0.4011,-192477,0.401315886006537,-0.000215886006536714
0.4011,-192477,0.401315886006537,-0.000215886006536714
0.4011,-192477,0.401315886006537,-0.000215886006536714
0.4011,-192477,0.401315886006537,-0.000215886006536714
0.4011,-192477,0.401315886006537,-0.000215886006536714
0.4011,-192477,0.401315886006537,-0.000215886006536714
0.4011,-192477,0.401315886006537,-0.000215886006536714
0.4011,-192477,0.401315886006537,-0.000215886006536714
0.4011,-192477,0.401315886006537,-0.000215886006536714
0.4011,-192477,0.401315886006537,-0.000215886006536714
0.4011,-192477,0.401315886006537,-0.000215886006536714
0.4011,-192477,0.401315886006537,-0.000215886006536714
0.4011,-192477,0.401315886006537,-0.000215886006536714
0.4011,-192477,0.401315886006537,-0.000215886006536714
0.4011,-192477,0.401315886006537,-0.000215886006536714
0.4011,-192477,0.401315886006537,-0.000215886006536714
0.4011,-192477,0.401315886006537,-0.000215886006536714
0.4011,-192477,0.401315886006537,-0.000215886006536714
0.4011,-192477,0.401315886006537,-0.000215886006536714
0.4011,-192477,0.401315886006537,-0.000215886006536714
0.4011,-192477,0.401315886006537,-0.000215886006536714
0.4011,-192477,0.401315886006537,-0.000215886006536714
0.4011,-192477,0.401315886006537,-0.000215886006536714
0.4011,-192477,0.401315886006537,-0.000215886006536714
0.4011,-192477,0.401315886006537,-0.000215886006536714
0.4011,-192477,0.401315886006537,-0.000215886006536714
0.4011,-192477,0.401315886006537,-0.000215886006536714
0.4011,-192477,0.401315886006537,-0.000215886006536714
0.4011,-192477,0.401315886006537,-0.000215886006536714
0.4011,-192477,0.401315886006537,-0.000215886006536714
0.4011,-192477,0.401315886006537,-0.000215886006536714
0.4011,-192477,0.401315886006537,-0.000215886006536714
0.4011,-192477,0.401315886006537,-0.000215886006536714
0.4011,-192477,0.401315886006537,-0.000215886006536714
0.4011,-192477,0.401315886006537,-0.000215886006536714
0.4011,-192477,0.401315886006537,-0.000215886006536714
0.4011,-192477,0.401315886006537,-0.000215886006536714
0.4011,-192477,0.401315886006537,-0.000215886006536714
0.4011,-192477,0.401315886006537,-0.000215886006536714
0.4011,-192477,0.401315886006537,-0.000215886006536714
0.4011,-192477,0.280841060274177,0.120258939725823
0.4011,-192477,0.280841060274177,0.120258939725823
0.4011,-192477,0.280841060274177,0.120258939725823
0.4011,-192477,0.280841060274177,0.120258939725823
0.4011,-192477,0.280841060274177,0.120258939725823
0.4011,-192477,0.280841060274177,0.120258939725823
0.4011,-192477,0.280841060274177,0.120258939725823
0.4011,-183899,0.280841060274177,0.120258939725823
0.4011,-183899,0.280841060274177,0.120258939725823
0.4011,-184920,0.280841060274177,0.120258939725823
0.4011,-184920,0.280841060274177,0.120258939725823
0.4011,-184920,0.280841060274177,0.120258939725823
0.4011,-184920,0.280841060274177,0.120258939725823
0.4011,-184920,0.280841060274177,0.120258939725823
0.4011,-184920,0.280841060274177,0.120258939725823
0.4011,-187137,0.280841060274177,0.120258939725823
0.4011,-187137,0.280841060274177,0.120258939725823
0.4011,-187137,0.280841060274177,0.120258939725823
0.4011,-187137,0.280841060274177,0.120258939725823
0.4011,-187137,0.280841060274177,0.120258939725823
0.4011,-190306,0.280841060274177,0.120258939725823
0.4011,-191415,0.280841060274177,0.120258939725823
0.4011,-191415,0.280841060274177,0.120258939725823
0.4011,-191415,0.280841060274177,0.120258939725823
0.4011,-191415,0.280841060274177,0.120258939725823
0.4011,-191415,0.280841060274177,0.120258939725823
0.4011,-191415,0.280841060274177,0.120258939725823
0.4011,-191415,0.280841060274177,0.120258939725823
0.4011,-191415,0.280841060274177,0.120258939725823
0.4011,-191415,0.280841060274177,0.120258939725823
0.4011,-191415,0.280841060274177,0.120258939725823
0.4011,-191415,0.280841060274177,0.120258939725823
0.4011,-191415,0.280841060274177,0.120258939725823
0.4011,-191415,0.280841060274177,0.120258939725823
0.4011,-175750,0.280841060274177,0.120258939725823
0.4011,-167782,0.280841060274177,0.120258939725823
0.4011,-175271,0.280841060274177,0.120258939725823
0.4011,-176157,0.280841060274177,0.120258939725823
0.4011,-176157,0.280841060274177,0.120258939725823
0.4011,-176157,0.280841060274177,0.120258939725823
0.4011,-176157,0.280841060274177,0.120258939725823
0.4011,-176748,0.280841060274177,0.120258939725823
0.4011,-176748,0.280841060274177,0.120258939725823
0.4011,-155109,0.280841060274177,0.120258939725823
0.4011,-150244,0.280841060274177,0.120258939725823
0.4011,-143946,0.280841060274177,0.120258939725823
0.4011,-141329,0.280841060274177,0.120258939725823
0.4011,-141329,0.280841060274177,0.120258939725823
0.4011,-140867,0.280841060274177,0.120258939725823
0.4011,-140867,0.280841060274177,0.120258939725823
0.4011,-140867,0.280841060274177,0.120258939725823
0.4011,-140867,0.280841060274177,0.120258939725823
0.4011,-140867,0.280841060274177,0.120258939725823
0.4011,-140867,0.280841060274177,0.120258939725823
0.4008,-123112,0.28077,0.12003
0.3963,-157657,NA,NA
0.396266666666667,-131766,NA,NA
0.395725,-154917,NA,NA
0.3978,-124111,NA,NA
0.3977,-126637,NA,NA
0.3973,-135254,NA,NA
0.3975,-131097,NA,NA
0.3972,-108584,NA,NA
0.3984,-144124,NA,NA
0.3986,-182650,NA,NA
0.3978,-130385,NA,NA
0.3975,-164422,NA,NA
0.3977,-161266,NA,NA
0.3972,-158234,NA,NA
0.3972,-176243,NA,NA
0.3966,-204061,NA,NA
0.39615,-248491,NA,NA
0.3965,-185619,NA,NA
0.3969,-215124,NA,NA
0.3969,-171167,NA,NA
0.3967,-211783,0.397290688015307,-0.000590688015307428
0.3961,-222248,0.396631441707247,-0.000531441707247282
0.3958,-186645,0.396275078679415,-0.000475078679415153
0.3948,-225830,0.395610596523219,-0.000810596523218576
0.39565,-195454,0.395649647394943,3.52605057263311e-07
0.3944,-223265,0.394894632968965,-0.000494632968965458
0.3942,-205166,0.394252104087545,-5.21040875453571e-05
0.3943,-217044,0.394413578768376,-0.000113578768375588
0.39449375,-171204,0.394426057578514,6.76924214857988e-05
0.3949,-205841,0.394746167152869,0.000153832847130553
0.3959,-173657,0.395580633658309,0.000319366341690719
0.395933333333333,-186580,0.395625011986151,0.000308321347182561
0.3962,-163437,0.395878236263062,0.000321763736938485
0.3965,-172182,0.396567236935128,-6.72369351277236e-05
0.3969,-141423,0.396851680255073,4.83197449268613e-05
0.3974,-171740,0.397109279839706,0.000290720160294078
0.3973,-166535,0.397218347996401,8.16520035988311e-05
0.3972,-150248,0.397355560897766,-0.000155560897766471
0.3982,-161175,0.397322557048544,0.00087744295145642
0.3987,-122577,0.398053937858653,0.000646062141347492
0.3985,-152034,0.398590428319703,-9.04283197032396e-05
0.3981,-164453,0.398301621275224,-0.00020162127522394
0.3991,-123578,0.399312590723685,-0.000212590723684958
0.3993,-138600,0.398864103306044,0.000435896693956217
0.39905,-156591,0.39929127175271,-0.000241271752709493
0.3999,-124049,0.399911007423409,-1.10074234087598e-05
0.3988,-148100,0.399042569628106,-0.000242569628105649
0.3986,-154478,0.398501596111705,9.84038882954619e-05
0.3982,-131872,0.398377402176881,-0.00017740217688067
0.3992,-143062,0.398911910439656,0.000288089560343652
0.3997,-149503,0.399229142126947,0.000470857873053121
0.4001,-129837,0.399682718654173,0.000417281345826581
0.401633333333333,-23955,0.401404844429247,0.000228488904086777
0.4014,-101473,0.401053926702455,0.000346073297544991
0.4012,-118143,0.401441282511799,-0.00024128251179889
0.4005,-161198,0.400828821577926,-0.000328821577926131
0.4003,-179189,0.400334223562671,-3.42235626707432e-05
0.4013,-64500,0.401072635168514,0.000227364831485832
0.4025,-98592,0.401451820446401,0.00104817955359865
0.4026,-135132,0.402268794540907,0.000331205459092987
0.4023,-110146,0.40250645403484,-0.000206454034839598
0.4021,-102031,0.401711428248687,0.000388571751313072
0.4016,-177298,0.402065576396387,-0.000465576396386502
0.40186,-191867,0.401419011447957,0.000440988552042887
0.4014,-140305,0.401744374995002,-0.000344374995001728
0.4014,-162743,0.401229516679356,0.000170483320643622
0.4005,-195308,0.400900450641697,-0.000400450641697137
0.4008,-168180,0.400990023736662,-0.000190023736662159
0.3992,-155871,0.400470433684145,-0.00127043368414514
0.3998,-205626,0.399921473341392,-0.000121473341392508
0.3989,-158859,0.400098651576543,-0.00119865157654314
0.39905,-222462,0.398844167084488,0.000205832915512072
0.3984,-209063,0.399240666324267,-0.000840666324266603
0.3986,-201706,0.398950345756476,-0.000350345756476411
0.3988,-191973,0.398861466885198,-6.14668851976474e-05
0.3986,-164512,0.398560389821846,3.96101781544034e-05
0.3973,-191682,0.397839947154418,-0.00053994715441763
0.3975,-200628,0.397495516304104,4.48369589606257e-06
0.39755,-197600,0.397634629319348,-8.46293193483283e-05
0.3983,-112248,0.397889276224922,0.000410723775078226
0.3976,-201253,0.397917929027086,-0.000317929027086439
0.398,-185433,0.398051573289021,-5.15732890211118e-05
0.3982,-178006,0.398078657594717,0.000121342405283276
0.3975,-173927,0.39791863093378,-0.00041863093377964
0.398,-160303,0.397627837086512,0.00037216291348785
0.3981,-164535,0.39790368244577,0.000196317554229775
0.3973,-205868,0.397443465516519,-0.000143465516519059
0.3979,-156416,0.397846593309332,5.34066906680564e-05
0.3982,-177291,0.397910000000001,0.000289999999999346
0.3975,-192385,0.39798,-0.000479999999999925
0.397,-215569,0.39713000006326,-0.000130000063260305
0.3965,-175489,0.397090154294269,-0.000590154294269229
0.3967,-217047,0.397186726989327,-0.000486726989327113
0.3972,-140088,0.396756634420932,0.000443365579068211
0.3973,-174226,0.39712663624137,0.000173363758630418
0.3973,-174591,0.397140588543104,0.000159411456896019
0.3978,-182746,0.397489807152058,0.00031019284794237
0.3964,-216537,0.397194686387513,-0.000794686387512844
0.3956,-187720,0.396361972764179,-0.00076197276417872
0.396,-166027,0.396160401644868,-0.000160401644868136
0.3982,-127572,0.397376077315819,0.000823922684181189
0.39804,-145126,0.397480801507963,0.000559198492036783
0.3973,-127842,0.396540311599822,0.000759688400177982
0.3965,-180563,0.396297932823694,0.000202067176306386
0.3966,-162271,0.396105501942483,0.000494498057517168
0.396,-196681,0.396114161147393,-0.000114161147392711
0.396,-149782,0.396503849819383,-0.000503849819382951
0.394809090909091,-200616,0.395304741209481,-0.000495650300390227
0.3947,-217251,0.394936639103468,-0.000236639103468106
0.3953,-211798,0.394938569220001,0.000361430779998673
0.3953,-212748,0.395523453302542,-0.000223453302542365
0.3914,-162782,0.394265845994232,-0.0028658459942324
0.3926,-160493,0.392487698573165,0.000112301426834827
0.39405,-127232,0.393756056579578,0.00029394342042216
0.394,-186177,0.393856177416673,0.000143822583326791
0.3934,-150177,0.393881359336826,-0.000481359336826248
0.3903,-257397,0.390606824531821,-0.000306824531821515
0.3889,-103486,0.388675677415529,0.000224322584470638
0.38965,-193353,0.389543459105476,0.000106540894523832
0.39025,-165217,0.389563166516361,0.000686833483639071
0.3896,-289468,0.390232956807611,-0.000632956807610996
0.39045,-129124,0.389495083228474,0.00095491677152626
0.3904,-148685,0.389728512157732,0.000671487842268281
0.3907,-154242,0.390426579739723,0.000273420260276713
0.3914,-139809,0.390624025580917,0.000775974419082726
0.3916,-128680,0.391120560699549,0.00047943930045119
0.3922,-149558,0.391340085206899,0.000859914793100769
0.392,-118149,0.391780115937373,0.00021988406262663
0.3912,-182430,0.391830112933628,-0.000630112933628357
0.3905,-222642,0.391370021373321,-0.000870021373320984
0.3908,-217271,0.390814087972803,-1.40879728028342e-05
0.3902,-225151,0.390890000537536,-0.000690000537536151
0.3904,-227697,0.390377348370435,2.26516295645518e-05
0.3904,-196689,0.390410059732358,-1.00597323583473e-05
0.3898,-225756,0.389748727584953,5.12724150469879e-05
0.3904,-252583,0.389827188442252,0.00057281155774852
0.39,-212802,0.390280362185148,-0.000280362185147487
0.39025,-198039,0.390060755876338,0.000189244123661503
0.3904,-253450,0.390109592651833,0.000290407348166932
0.391,-230868,0.391017218312999,-1.72183129987791e-05
0.3909,-188379,0.390756003803968,0.000143996196032337
0.392,-203363,0.391770673530407,0.000229326469593338
0.392,-203724,0.391924740071345,7.5259928655258e-05
0.392775,-180687,0.392257446803762,0.000517553196237697
0.3931,-174378,0.392630138321966,0.000469861678033701
0.3948,-149105,0.393887393776604,0.000912606223396228
0.39385,-207835,0.394005324504488,-0.000155324504487797
0.3946,-195853,0.393699758867455,0.000900241132545387
0.3943,-174604,0.394587180730201,-0.000287180730201397
0.3948,-193762,0.394245882881395,0.000554117118605313
0.3952,-188553,0.394728793935093,0.000471206064907026
0.3942,-222533,0.394291802356291,-9.18023562911374e-05
0.3949,-168868,0.394891518270684,8.4817293164452e-06
0.3951,-149328,0.39447469630147,0.000625303698530477
0.3956,-112549,0.395604250090373,-4.25009037313684e-06
0.3957,-163556,0.395365203908038,0.000334796091962353
0.3977,-137947,0.397288233681412,0.000411766318588302
0.3968,-159835,0.396998588861288,-0.000198588861287874
0.3977,-155558,0.397027236463649,0.000672763536351262
0.3993,-151201,0.398489200937031,0.000810799062968715
0.3981,-230387,0.398229114521213,-0.000129114521212781
0.398133333333333,-240298,0.397649986751919,0.000483346581414079
0.3988,-208008,0.398227021732921,0.000572978267078972
0.3989,-197724,0.399135531237728,-0.00023553123772807
0.3989,-210025,0.398929898911995,-2.98989119948412e-05
0.3995,-203514,0.399635494423681,-0.000135494423680549
0.3996,-192549,0.39961496202255,-1.49620225503022e-05
0.3993,-151856,0.39935730843464,-5.73084346404129e-05
0.3985,-200475,0.398930721665037,-0.000430721665037326
0.3988,-198870,0.398449224138118,0.000350775861881536
0.3989,-232294,0.398893552471946,6.44752805389892e-06
0.3991,-189830,0.399007862923688,9.21370763117269e-05
0.3994,-211457,0.399297609812421,0.000102390187579182
0.3996,-189952,0.399671140816678,-7.11408166781391e-05
0.3992,-204729,0.39960954515157,-0.000409545151569768
0.3992,-180833,0.399170416544818,2.95834551821694e-05
0.3996,-214528,0.399638230123977,-3.82301239770788e-05
0.3995,-199073,0.399509636432122,-9.63643212237297e-06
0.3993,-180954,0.399901118879585,-0.000601118879585361
0.398725,-197342,0.398261656621887,0.000463343378112879
0.3978,-201270,0.398502361194303,-0.000702361194302947
0.396,-193275,0.397686055001134,-0.00168605500113422
0.3969,-174541,0.396881940281884,1.80597181162478e-05
0.3966,-214281,0.396681617532295,-8.16175322945756e-05
0.3972,-263452,0.397065960783309,0.000134039216690862
0.3965,-195626,0.397080218275659,-0.000580218275659294
0.3968,-241746,0.396683709537707,0.000116290462292945
0.3959,-202055,0.39682423715779,-0.000924237157790497
0.3958,-274144,0.395430755089374,0.000369244910625788
0.3957,-262312,0.395312835727245,0.000387164272754592
0.3962,-211713,0.395411185391024,0.000788814608975674
0.3965,-228369,0.395832858647383,0.000667141352617029
0.3962,-217003,0.395834255855953,0.000365744144046998
0.3963,-201562,0.396519303127157,-0.000219303127157122
0.3968,-191726,0.396751441058143,4.85589418565691e-05
0.3959,-172315,0.396550141827877,-0.000650141827876538
0.3953,-217453,0.395721451541235,-0.000421451541235351
0.3956,-270411,0.395438628349696,0.000161371650304221
0.3955,-231956,0.395525685930375,-2.56859303749413e-05
0.3945,-239906,0.395585916473303,-0.00108591647330314
0.3941,-261508,0.394533383893031,-0.000433383893030992
0.3936,-287819,0.394228632152538,-0.000628632152538333
0.3941,-258972,0.393854392301088,0.000245607698912353
0.3941,-240345,0.394110558666697,-1.05586666965807e-05
0.3949,-145994,0.3946662515086,0.000233748491400232
0.394125,-218521,0.394751516540816,-0.000626516540816136
0.395,-216703,0.394764315474509,0.000235684525491497
0.395,-213585,0.394943544809195,5.64551908052158e-05
0.3947,-260420,0.395001037630914,-0.000301037630914325
0.3933,-280539,0.394454315796706,-0.00115431579670611
0.393,-240099,0.393223678379039,-0.000223678379038805
0.3924,-255699,0.392738438824924,-0.000338438824924181
0.3912,-255196,0.391893365943769,-0.000693365943769009
0.3908,-259202,0.391196167202812,-0.000396167202812381
0.392325,-197405,0.391306952393667,0.00101804760633306
0.3917,-247943,0.392211061101084,-0.000511061101083732
0.3917,-269412,0.391600355942232,9.96440577683555e-05
0.3919,-234382,0.391979322735343,-7.9322735343279e-05
0.3912,-226965,0.39209713018788,-0.000897130187879958
0.3909,-231603,0.391515478654271,-0.000615478654270751
0.391,-258747,0.391200833945764,-0.000200833945763923
0.392,-228736,0.391257277694984,0.000742722305015875
0.3923,-265218,0.391938519189865,0.000361480810135428
0.3929,-273387,0.392286807076967,0.000613192923032579
0.3942,-199002,0.393517126544465,0.000682873455534749
0.3944,-146878,0.394405779264112,-5.77926411216012e-06
0.3943,-227689,0.394397475310568,-9.74753105683068e-05
0.3949,-202792,0.394408223956506,0.000491776043493708
0.3948,-179362,0.394756127278257,4.38727217426105e-05
0.3945,-140062,0.394343618065514,0.000156381934485805
0.3945,-151930,0.394511746826199,-1.17468261993658e-05
0.3948,-124475,0.394500163174557,0.000299836825443156
0.3952,-198588,0.395036092293705,0.000163907706295152
0.395,-144216,0.395063708228153,-6.37082281527701e-05
0.3948,-206119,0.394879125425016,-7.91254250157025e-05
0.3951,-212170,0.394814451182304,0.00028554881769588
0.3959,-133164,0.395697135200418,0.000202864799581537
0.3954,-218968,0.395542241013325,-0.000142241013325051
0.3951,-171513,0.395706232779322,-0.000606232779321592
0.3946,-177246,0.394972159510818,-0.000372159510817704
0.3955,-202576,0.394727175448059,0.000772824551941498
0.3958,-210531,0.395912640710116,-0.000112640710116407
0.3955,-154409,0.395711070337082,-0.000211070337082453
0.3951,-178995,0.39557227344118,-0.000472273441180393
0.3952,-169468,0.395331525136112,-0.000131525136111699
0.3953,-224677,0.395153775710706,0.000146224289294339
0.3956,-195278,0.395709078114042,-0.00010907811404165
0.3956,-204025,0.395445063436863,0.000154936563137253
0.3953,-153440,0.396180040532016,-0.000880040532016013
0.3957,-166117,0.39564285614216,5.71438578397809e-05
0.3955,-192971,0.39572,-0.000219999999999998
0.3954,-244203,0.395237925175893,0.000162074824106684
0.395966666666667,-198387,0.395418239468097,0.000548427198569235
0.3953,-258893,0.395229117986372,7.08820136277599e-05
0.3958,-221261,0.395668356638464,0.000131643361536038
0.3959,-199032,0.395683419482401,0.000216580517598597
0.3959,-207928,0.395881476743116,1.8523256883618e-05
0.3961,-215300,0.395918769426523,0.000181230573476687
0.3962,-195322,0.396147590863602,5.24091363977575e-05
0.3957,-220233,0.395860044723059,-0.000160044723059471
0.3958,-210422,0.395741117580241,5.88824197585991e-05
0.3958,-205275,0.395761117580241,3.88824197585791e-05
0.39615,-204233,0.396487659676907,-0.000337659676907298
0.3964,-206203,0.396157673104779,0.000242326895221023
0.3965,-231258,0.396373070978473,0.000126929021527056
0.3965,-227232,0.396370607691256,0.000129392308743537
0.3964,-204741,0.396260663049242,0.000139336950757574
0.3966,-202126,0.396400595889845,0.000199404110155121
0.3966,-212057,0.396700169836929,-0.000100169836928676
0.3965,-197953,0.396289382297411,0.0002106177025889
0.3965,-200700,0.396775799980015,-0.000275799980014535
0.3959,-236881,0.396205034174965,-0.000305034174965413
0.396,-224146,0.396124044275952,-0.000124044275952362
0.3962,-268257,0.39614741355214,5.25864478599924e-05
0.39705,-213125,0.396650616078493,0.00039938392150729
0.3983,-173486,0.398267304492584,3.26955074158586e-05
0.39785,-180216,0.398071780856398,-0.000221780856397791
0.3976,-173779,0.397823863624697,-0.000223863624696563
0.398,-160132,0.397898657665874,0.000101342334125842
0.398,-207147,0.398232017883827,-0.000232017883826874
0.3986,-179539,0.398482301035616,0.000117698964384461
0.3991,-181203,0.399211055105073,-0.000111055105073254
0.3995,-160722,0.399112867866442,0.000387132133557788
0.3991,-195369,0.399622583946948,-0.000522583946948429
0.399,-193023,0.39914,-0.000139999999999973
0.39828,-174858,0.398979971402822,-0.000699971402821797
0.3983,-206037,0.398367029818805,-6.70298188051865e-05
0.3976,-207402,0.397509700401858,9.02995981419408e-05
0.3971,-222364,0.397427701459421,-0.000327701459420571
0.3963,-228669,0.396833160070717,-0.00053316007071702
0.3976,-197255,0.396789318591926,0.000810681408074332
0.3979,-218212,0.39758321960678,0.000316780393220195
0.3982,-170421,0.397933245103204,0.000266754896796284
0.398,-209480,0.398064559036562,-6.45590365618287e-05
0.3978,-221968,0.397826534736928,-2.65347369280966e-05
0.3982,-210341,0.398189489892005,1.05101079945769e-05
0.398,-208136,0.398256342078987,-0.000256342078986727
0.3985,-196021,0.397621790372012,0.00087820962798818
0.3989,-162201,0.398761599753043,0.000138400246957382
0.3994,-170682,0.39914306429707,0.000256935702930061
0.400033333333333,-165949,0.399428509427308,0.000604823906025731
0.3999,-252655,0.400032927081966,-0.000132927081965772
0.4005,-213461,0.400009491126226,0.000490508873773776
0.4,-255746,0.399643970520624,0.000356029479376407
0.3992,-290572,0.399652661760485,-0.00045266176048453
0.39855,-315924,0.399007472704028,-0.000457472704028128
0.3985,-252882,0.398595896033842,-9.58960338416359e-05
0.3984,-299659,0.397993021666156,0.000406978333844288
0.3984,-264547,0.398318019736242,8.19802637581635e-05
0.39815,-288641,0.398368019737307,-0.000218019737306729
0.39815,-279318,0.398360479487293,-0.000210479487292747
0.3975,-294531,0.397913130443051,-0.000413130443050636
0.3972,-316184,0.397276092518635,-7.60925186350514e-05
0.3972,-321684,0.397358885688379,-0.000158885688379296
0.3966,-356185,0.396589343969451,1.06560305492831e-05
0.3967,-308056,0.396642829255012,5.71707449875114e-05
0.3966,-342274,0.396846048863269,-0.000246048863268677
0.3968,-304149,0.396584554209359,0.0002154457906407
0.3969,-348694,0.396726010853123,0.000173989146877218
0.3972,-320895,0.397144562542822,5.54374571781202e-05
0.3965,-311683,0.395970061882484,0.00052993811751556
0.3959,-331233,0.396257051893009,-0.000357051893008775
0.3961,-279578,0.395871972425731,0.000228027574269318
0.396,-325508,0.396230561034063,-0.000230561034062937
0.3962,-329661,0.396012528735632,0.000187471264368189
0.3957,-346028,0.395926525247706,-0.000226525247705556
0.3961,-342399,0.3957108045977,0.000389195402299536
0.3962,-367157,0.396038850377014,0.000161149622986245
0.3961,-341471,0.395747126412129,0.000352873587870783
0.3961,-344021,0.395884272005998,0.000215727994001824
0.3959,-336007,0.395986087421548,-8.60874215484753e-05
0.396,-328230,0.39587432955335,0.000125670446649739
0.3964,-296672,0.396085969948016,0.000314030051983494
0.3968,-298766,0.396366232985555,0.000433767014445197
0.3967,-332275,0.396275,0.000424999999999898
0.3969,-328610,0.396866562911789,3.34370882114632e-05
0.397666666666667,-264893,0.396875681989194,0.000790984677473017
0.397933333333333,-282750,0.397649786560487,0.000283546772846366
0.3983,-282114,0.398071717647832,0.000228282352168263
0.3984,-277048,0.398334509555669,6.54904443310178e-05
0.3992,-233567,0.398609509564571,0.000590490435428914
0.3997,-328344,0.399305561006514,0.000394438993486457
0.3997,-248513,0.399371757544437,0.000328242455563177
0.4,-261526,0.399114988998178,0.000885011001822034
0.3992,-260307,0.399266927681033,-6.69276810327801e-05
0.3993,-288519,0.399086979982782,0.000213020017218402
0.3995,-272972,0.39924,0.000259999999999982
0.3993,-301710,0.399121010367182,0.000178989632817816
0.399028571428571,-311949,0.399280057401086,-0.000251485972514953
0.399028571428571,-285794,0.399210057401086,-0.000181485972514994
0.3994,-295465,0.399358846543911,4.11534560890159e-05
0.3993,-314920,0.399343656480213,-4.36564802130945e-05
0.3993,-286963,0.399300000046855,-4.68552419086166e-11
0.3991,-290133,0.399135713072739,-3.57130727387522e-05
0.3992,-322249,0.39911,8.9999999999979e-05
0.3992,-285827,0.39912,7.9999999999969e-05
0.3991,-268937,0.398760275350675,0.000339724649324968
0.3991,-277023,0.398790275350675,0.000309724649324994
0.3988,-263049,0.39901,-0.000209999999999988
0.3999,-242875,0.400024877347644,-0.00012487734764427
0.4003,-165727,0.400220379226167,7.96207738327226e-05
0.4015,-228811,0.401615862129115,-0.000115862129114797
0.4019,-93256,0.401722597036188,0.000177402963812467
0.4036,-96558,0.402808624867231,0.000791375132768835
0.40255,-107179,0.403017930376577,-0.000467930376577219
0.4017,-108271,0.402012601273695,-0.000312601273694646
0.40075,-225150,0.401812563464963,-0.0010625634649632
0.4009,-198657,0.401036189524513,-0.000136189524513053
0.4008,-194223,0.400921796452336,-0.000121796452336065
0.4003,-277821,0.40108990718012,-0.00078990718011962
0.4004,-305112,0.400422238221252,-2.22382212524685e-05
0.4002,-327617,0.40043398947172,-0.000233989471719542
0.40075,-216954,0.400168070744671,0.000581929255329017
0.4014,-314468,0.400763721680895,0.000636278319104733
0.4018,-291470,0.40159786159947,0.000202138400530461
0.4018,-278910,0.401613022541522,0.000186977458477622
0.40135,-283663,0.401788580528587,-0.00043858052858714
0.401,-308019,0.401185088920497,-0.000185088920497345
0.4019,-164068,0.401889584563222,1.0415436777933e-05
0.4023,-152559,0.401834034142323,0.000465965857677386
0.4023,-189616,0.402226217640645,7.37823593545683e-05
0.4018,-145567,0.402367792898696,-0.000567792898696184
0.4014,-176913,0.401756271696587,-0.000356271696586974
0.4009,-222558,0.401071314259965,-0.000171314259965361
0.40155,-180369,0.400896383608232,0.00065361639176803
0.40278,-144109,0.402121099440456,0.000658900559543929
0.4014,-177242,0.401660760840358,-0.000260760840357532
0.4017,-157147,0.401215747446739,0.000484252553260567
0.4012,-177489,0.401722094350071,-0.000522094350070668
0.4021,-157056,0.401322400829059,0.000777599170940835
0.4014,-156221,0.401952339655928,-0.000552339655927825
0.4016,-194608,0.401492311572714,0.000107688427286146
0.402116666666667,-188360,0.401238706499143,0.000877960167524061
0.4032,-113932,0.402180436776587,0.00101956322341334
0.4029,-118821,0.402776891205158,0.00012310879484223
0.4033,-101976,0.403031363321467,0.000268636678532996
0.4032,-110141,0.403176843172094,2.31568279061567e-05
0.403,-154994,0.402857696370877,0.000142303629122986
0.4031,-125417,0.40325541420014,-0.000155414200139592
0.4035,-138871,0.402985640401635,0.000514359598364933
0.4044,-129446,0.403845851508339,0.000554148491660911
0.4053,-124052,0.404963796477007,0.00033620352299274
0.4047,-153717,0.405352999802516,-0.000652999802515708
0.4039,-191845,0.404700000377236,-0.000800000377236043
0.4038,-180912,0.40396,-0.000159999999999938
0.4035,-180045,0.403861162321903,-0.000361162321902642
0.4047,-156133,0.403489706222237,0.00121029377776277
0.40618,-100759,0.406029696051949,0.000150303948050934
0.4072,-115606,0.406035385501633,0.00116461449836736
0.4111,-152506,0.411627432132759,-0.000527432132759076
0.4127,-68435,0.410767516717052,0.00193248328294809
0.4174,18042,0.415813520055665,0.00158647994433536
0.4174,-5597,0.417691041965754,-0.000291041965753858
0.4175125,22437,0.421528315086207,-0.00401581508620669
0.4162,-53520,0.41496826744179,0.00123173255820969
0.4167,-42112,0.417223951669442,-0.000523951669442302
0.415766666666667,-87839,0.418127580275009,-0.00236091360834184
0.4175,-35012,0.416307229814306,0.00119277018569353
0.4195,22533,0.417837106370769,0.00166289362923105
0.4191,-1515,0.419069882240656,3.01177593443058e-05
0.41795,-78856,0.417690405961803,0.000259594038196698
0.419066666666667,-41117,0.417410786419146,0.00165588024752084
0.42085,62891,0.419682511483855,0.00116748851614507
0.4188,-63045,0.419996986942923,-0.00119698694292303
0.418,-62152,0.419635900383141,-0.00163590038314149
0.418,-59091,0.418565370384033,-0.000565370384032704
0.417,-78985,0.41735115077078,-0.000351150770779629
0.4175,-70723,0.417140820324679,0.000359179675321175
0.416,-54267,0.416753410812027,-0.000753410812027178
0.4161,-83256,0.416445031388087,-0.000345031388087336
0.415,-139445,0.416188497810204,-0.00118849781020408
0.4156,-86347,0.416256043922316,-0.000656043922316385
0.4182,-7566,0.417874039445654,0.000325960554345972
0.415,-86594,0.416657794513128,-0.00165779451312842
0.415175,-113775,0.415113417290525,6.15827094749277e-05
0.420566666666667,-128019,0.418941108441844,0.00162555822482235
0.42315,-6742,0.421816101236951,0.00133389876304912
0.4204,-87776,0.421100577524345,-0.000700577524345491
0.4198,-148765,0.420143582119003,-0.000343582119002983
0.4202,-101021,0.420525997706209,-0.000325997706208725
0.4199,-138137,0.42062243899518,-0.000722438995179708
0.419833333333333,-179860,0.418801443472579,0.00103188986075403
0.4194,-151916,0.419688824551412,-0.000288824551411881
0.4189,-98299,0.419078712737963,-0.000178712737963382
0.4182,-90397,0.419143785770783,-0.000943785770783356
0.4166,-74016,0.416712892022969,-0.000112892022968936
0.415914285714286,-49619,0.415602480806582,0.000311804907704105
0.4153,-91158,0.415867579610807,-0.00056757961080689
0.4157,-84626,0.415827137699787,-0.000127137699787006
0.416933333333333,-60744,0.417194067900503,-0.00026073456716974
0.4168,-43442,0.416349946820733,0.000450053179267496
0.4176,-35350,0.417484587116034,0.00011541288396566
0.4177,-8267,0.417900648153281,-0.000200648153280747
0.4168,-67547,0.417640625357705,-0.000840625357705349
0.4168,-57287,0.416921196016667,-0.000121196016667491
0.4172,-39854,0.416890435148352,0.000309564851647626
0.41675,-63919,0.416962775804486,-0.000212775804485588
0.41665,-89301,0.416466235280009,0.000183764719991486
0.4161,-75252,0.41635159818057,-0.000251598180569967
0.4136,-87455,0.415782804925035,-0.00218280492503503
0.4154,-161809,0.415328023936565,7.19760634350086e-05
0.4169,-101611,0.416293128217191,0.000606871782808827
0.4156,-75264,0.416216317976951,-0.000616317976951164
0.4148,-150254,0.414844161872176,-4.4161872175652e-05
0.4145,-155805,0.414855935903283,-0.000355935903283089
0.4162,-63033,0.415743472448716,0.000456527551284391
0.4161,-86363,0.416069036164448,3.09638355518449e-05
0.4166,-113877,0.416032469429366,0.000567530570634023
0.416133333333333,-65316,0.416546320848852,-0.000412987515518715
0.4184,-33926,0.417753002344054,0.000646997655946002
0.4177,-65669,0.417293848658155,0.000406151341845129
0.4174,-77488,0.417286697425474,0.000113302574526297
0.4179,-83698,0.417548020645363,0.000351979354636989
0.41815,-32976,0.418141171213696,8.82878630448225e-06
0.4185,-69157,0.41849152853199,8.47146800975196e-06
0.419,-56157,0.418585940476165,0.000414059523835386
0.41965,-52948,0.420211163545172,-0.000561163545171939
0.4199,-64374,0.4191887410904,0.000711258909599499
0.4205,-24336,0.420027801969764,0.000472198030235571
0.4211,-18068,0.420660904984997,0.0004390950150025
0.4183,-166978,0.419667103554784,-0.0013671035547837
0.419,-148055,0.419346168722738,-0.000346168722737572
0.4184,-129850,0.419337453010001,-0.000937453010001366
0.4184,-96348,0.418549621074594,-0.000149621074593709
0.4185,-75011,0.418530556162986,-3.05561629858619e-05
0.4196,-54103,0.418960211487342,0.000639788512658002
0.4198,-80128,0.419378495251701,0.000421504748299162
0.4201,-62986,0.419815988645737,0.000284011354263036
0.4185,-71694,0.419089969892308,-0.000589969892307529
0.4184,-92658,0.418855519127858,-0.000455519127858073
0.417,-90531,0.41807151427187,-0.00107151427186958
0.4182,-69710,0.418078998190769,0.000121001809230581
0.4177,-95339,0.418280102368311,-0.000580102368311464
0.418,-76641,0.41732270565949,0.000677294340509893
0.4185,-95520,0.418055039339814,0.000444960660186067
0.4169,-108604,0.417524178011688,-0.000624178011687737
0.41685,-94795,0.417189168537562,-0.000339168537561552
0.4164,-102888,0.416661142247901,-0.000261142247901303
0.4168,-138136,0.416601883878099,0.000198116121901293
0.4166,-83641,0.416927552833039,-0.000327552833039368
0.4177,-73807,0.417182415443409,0.000517584556590844
0.4174,-81443,0.417599344732636,-0.000199344732635609
0.417,-90895,0.416971824783939,2.81752160610216e-05
0.4176,-74933,0.417439578887284,0.000160421112715581
0.4171,-94657,0.417587050111974,-0.00048705011197403
0.41685,-147836,0.417131536627951,-0.000281536627950718
0.41685,-160294,0.417055413394856,-0.000205413394856135
0.4171,-140741,0.417458407869961,-0.000358407869960553
0.419,-99325,0.418290167797825,0.000709832202175298
0.4186,-102820,0.418669550678261,-6.95506782611433e-05
0.4178,-130374,0.4184224018427,-0.000622401842699682
0.417166666666667,-122905,0.417837687901396,-0.000671021234729008
0.4171,-140018,0.416915455689881,0.000184544310118717
0.4176,-111192,0.417307615405087,0.00029238459491282
0.414,-133708,0.414521122532607,-0.000521122532606944
0.4139,-100394,0.41403845761225,-0.000138457612249787
0.4139,-141104,0.413822131226918,7.78687730817462e-05
0.411814285714286,-78556,0.413337051872676,-0.00152276615839075
0.412,-120115,0.412180664418508,-0.000180664418508503
0.4138,-145824,0.412565266643407,0.00123473335659297
0.415,-157800,0.414453024659379,0.000546975340621092
0.415,-145514,0.414747683901744,0.000252316098256211
0.4136,-200051,0.414730002077061,-0.00113000207706138
0.4144,-179579,0.414409575292163,-9.5752921634995e-06
0.4143,-154650,0.41459000000006,-0.000290000000060409
0.4138,-207667,0.414072100671807,-0.000272100671807052
0.4141,-194467,0.413980064122874,0.000119935877125776
0.4127,-142713,0.41326330408988,-0.000563304089879535
0.4121,-140573,0.413127503130677,-0.00102750313067657
0.4121,-132719,0.411951640317715,0.000148359682284882
0.4128,-157686,0.412155691236888,0.000644308763111723
0.41275,-142732,0.412470478537113,0.000279521462887233
0.4123,-110182,0.412809436491313,-0.000509436491313242
0.412675,-156288,0.41237,0.000305
0.4126,-153029,0.412920000070464,-0.000320000070464288
0.4128,-144936,0.412529999997982,0.000270000002017823
0.4126,-135888,0.412841123487018,-0.000241123487018158
0.4131,-122350,0.412719780405489,0.000380219594511233
0.414,-72157,0.413497282286779,0.000502717713220746
0.4144,-41380,0.413967238921469,0.000432761078530852
0.4141,-130473,0.414067102045203,3.28979547965513e-05
0.4141,-88376,0.414400892153527,-0.000300892153526799
0.4146,-73861,0.414180506645991,0.000419493354008871
0.4142,-85145,0.414508423347534,-0.000308423347534448
0.414366666666667,-107558,0.414134255903756,0.000232410762910251
0.4147,-65503,0.414211961096716,0.000488038903284471
0.415,-113800,0.414677135128699,0.000322864871300954
0.41595,-49582,0.414827347022088,0.00112265297791231
0.4167,-89866,0.41596293213322,0.000737067866779517
0.4161,-77779,0.416045982882235,5.40171177654258e-05
0.4167,-67410,0.416241524567437,0.000458475432563332
0.4166,-74524,0.416667654403209,-6.76544032088278e-05
0.4167,-78456,0.416657154828087,4.28451719130529e-05
0.418,-86352,0.416608822903238,0.00139117709676156
0.417966666666667,-74277,0.417449349454347,0.000517317212320012
0.4177,-82507,0.417431310082148,0.000268689917851561
0.4175,-84478,0.417120594469409,0.000379405530590793
0.4176,-102684,0.417360392295726,0.000239607704273948
0.4168,-85511,0.417091899108463,-0.000291899108463112
0.4171,-65543,0.4164763575105,0.000623642489499698
0.417,-99168,0.417057408500792,-5.7408500792222e-05
0.4176,-150719,0.416757061778914,0.000842938221085887
0.4179,-97147,0.417196777025728,0.000703222974271556
0.4172,-95100,0.417719826503954,-0.000519826503953547
0.4172,-95431,0.417106099028128,9.3900971872285e-05
0.4172,-89061,0.417388343530425,-0.000188343530424795
0.4176,-79418,0.417368567805898,0.000231432194101933
0.4172,-89324,0.417630321705748,-0.000430321705748471
0.417066666666667,-101217,0.41738434509192,-0.000317678425253265
0.4166,-117712,0.417070817170524,-0.000470817170524274
0.417,-110971,0.41675961141227,0.000240388587729568
0.416,-160347,0.415926967087806,7.30329121943485e-05
0.4166,-134265,0.416024078760705,0.000575921239295119
0.4165,-124565,0.416473624402054,2.63755979456048e-05
0.4159,-165333,0.416387686165574,-0.00048768616557443
0.416,-140160,0.415690771312271,0.000309228687729202
0.414866666666667,-154378,0.415192374078488,-0.00032570741182103
0.4145,-166925,0.414793228051598,-0.000293228051597705
0.414,-138122,0.414173831155367,-0.000173831155367343
0.4155,-135628,0.415641554875717,-0.00014155487571671
0.4182,-91108,0.417525224258263,0.000674775741737466
0.4175,-96674,0.417807965475733,-0.000307965475733085
0.418,-87298,0.418444465175699,-0.000444465175699238
0.4182,-101183,0.417924583583223,0.000275416416776919
0.418,-81213,0.418358641614647,-0.000358641614646882
0.4178,-80723,0.417861757897264,-6.17578972637589e-05
0.418018181818182,-127640,0.417802246765263,0.000215935052918836
0.4172,-163793,0.417975138821979,-0.000775138821978993
0.4172,-149406,0.417290119831512,-9.01198315116924e-05
0.4184,-116000,0.41837286047736,2.71395226398297e-05
0.418133333333333,-94488,0.418510431385973,-0.000377098052639913
0.4178,-92433,0.417875083373412,-7.50833734120548e-05
0.4171,-73856,0.417295525793329,-0.000195525793329376
0.4177,-69700,0.417220134727638,0.00047986527236249
0.4179,-54401,0.417937320927194,-3.73209271943287e-05
0.4185,-61883,0.418338205582622,0.000161794417377625
0.4181,-71066,0.418382083661076,-0.000282083661075627
0.4185,-64368,0.418069265403158,0.000430734596841731
0.4183,-61535,0.418245109198905,5.48908010952198e-05
0.4181,-56872,0.418243422562362,-0.000143422562361883
0.4181,-59709,0.418222204213836,-0.000122204213835519
0.4184,-37741,0.418111949024416,0.000288050975584264
0.4198,-75051,0.418589566822117,0.00121043317788311
0.419085714285714,-133199,0.419359548531246,-0.000273834245532178
0.4187,-152213,0.419098039430362,-0.000398039430361763
0.41725,-213990,0.417816774918692,-0.000566774918692226
0.4168,-226497,0.417117490179052,-0.000317490179051583
0.4166,-251617,0.417270552208393,-0.000670552208392905
0.417225,-239403,0.416851687093819,0.000373312906180756
0.4173,-237233,0.417459309414431,-0.000159309414431319
0.4182,-217806,0.417729593492394,0.000470406507606436
0.4184,-201735,0.418229876805766,0.000170123194233651
0.4183,-207339,0.418339351543812,-3.93515438121272e-05
0.4187,-179249,0.418417757567026,0.000282242432973923
0.4189,-172667,0.41878833861361,0.00011166138639046
0.4187,-213416,0.418789484520693,-8.94845206926287e-05
0.4184,-195872,0.418418235868012,-1.82358680116401e-05
0.4189,-196243,0.418779783462129,0.000120216537871309
0.416725,-250516,0.417008125743265,-0.000283125743264667
0.4149,-148361,0.414327214205864,0.000572785794135944
0.4152,-160803,0.415029977244604,0.000170022755396293
0.4156,-94167,0.415024937917135,0.000575062082865008
0.4159,-142971,0.415354939404653,0.000545060595347313
0.4162,-143837,0.415668135963611,0.000531864036388718
0.4161,-125150,0.415779995124243,0.000320004875757229
0.41554,-124508,0.41601,-0.000469999999999915
0.4158,-135468,0.415709976132324,9.00238676758702e-05
0.4155,-141826,0.415779852137845,-0.000279852137845094
0.41605,-158922,0.415810097079993,0.000239902920007307
0.4164,-122609,0.416025,0.000375000000000014
0.4163,-128727,0.416420212091107,-0.000120212091107186
0.416,-119942,0.416080027938192,-8.00279381923397e-05
0.4165,-126111,0.416510260731743,-1.02607317426506e-05
0.4169,-132526,0.416399998617799,0.000500001382201021
0.4168,-127450,0.416884175449751,-8.41754497511449e-05
0.4172,-104711,0.417093254982609,0.000106745017391496
0.41605,-145016,0.416404146412293,-0.000354146412292589
0.4165,-106239,0.415913738968608,0.000586261031391699
0.4169,-124503,0.416610091324675,0.000289908675324635
0.417,-141827,0.41654313741484,0.000456862585160422
0.4163,-147093,0.41667313739175,-0.000373137391749878
0.4158,-165797,0.416253136745437,-0.000453136745436789
0.4159,-171399,0.416084219726486,-0.000184219726486134
0.4149,-174012,0.415025093285537,-0.000125093285536837
0.4147,-148275,0.414762673045338,-6.26730453377466e-05
0.4154,-160311,0.414820211100121,0.000579788899878975
0.4151,-123072,0.415406373050008,-0.000306373050007969
0.4148,-185450,0.414881871437608,-8.18714376076835e-05
0.4149,-159689,0.415031543761968,-0.000131543761967834
0.4149,-173534,0.41485194236595,4.80576340497474e-05
0.4145,-177362,0.4148980847607,-0.00039808476069958
0.4143,-203965,0.414467207033232,-0.000167207033231809
0.4146,-128824,0.414524809866339,7.51901336606409e-05
0.4152,-157354,0.414953049111167,0.000246950888833142
0.4156,-164311,0.415277610546136,0.000322389453863925
0.4153,-158083,0.415539435272012,-0.000239435272011701
0.416,-150100,0.415852350459185,0.000147649540815253
0.4159,-140339,0.415671154190623,0.000228845809377154
0.4165,-151744,0.416238285593123,0.000261714406876612
0.4171,-123537,0.416697823894839,0.000402176105161245
0.417066666666667,-124053,0.417028249161586,3.84175050808233e-05
0.4176,-115857,0.417153552965024,0.000446447034975594
0.4177,-114396,0.416959772725389,0.000740227274611316
0.418,-101321,0.417892313738649,0.000107686261350493
0.4184,-141251,0.417794536603331,0.000605463396668615
0.4179,-140937,0.417885092249259,1.49077507405893e-05
0.4177,-139631,0.418086089655824,-0.000386089655823707
0.418,-115809,0.41799609623631,3.90376368958334e-06
0.41785,-137686,0.418327970727705,-0.000477970727704891
0.4174,-135801,0.417232216537923,0.000167783462077464
0.4173,-100609,0.417456599875368,-0.000156599875368313
0.4169,-153821,0.416847274816623,5.27251833769005e-05
0.4177,-141053,0.417295362256186,0.000404637743814329
0.418,-151064,0.417592940964673,0.000407059035326951
0.418,-101450,0.417860324898104,0.000139675101895997
0.4183,-69267,0.4177986603083,0.000501339691700298
0.41815,-102054,0.418146713200337,3.28679966260514e-06
0.4182,-90377,0.418157197677038,4.28023229617214e-05
0.4184,-76334,0.418192845196747,0.00020715480325334
0.4182,-82998,0.418344427771543,-0.000144427771542555
0.4186,-98564,0.418537846447478,6.21535525215378e-05
0.4184,-96900,0.418593430462092,-0.000193430462092137
0.418,-141609,0.418532728355094,-0.000532728355094214
0.4185,-161213,0.418289816512105,0.000210183487895144
0.4188,-124287,0.418419314822385,0.000380685177615192
0.4187,-175754,0.418954844100536,-0.000254844100536333
0.4186,-147860,0.41886004046732,-0.000260040467319644
0.4182,-200962,0.418918857465157,-0.00071885746515693
0.4191,-168967,0.418959912570691,0.000140087429308988
0.4185,-207939,0.419354642698031,-0.000854642698031427
0.4188,-157160,0.418692411572418,0.000107588427581906
0.4196,-157775,0.41906102497164,0.000538975028360034
0.4221,-145004,0.421791327737208,0.000308672262792298
0.4213,-173219,0.421620241058083,-0.000320241058083315
0.4217,-144263,0.421597716839459,0.000102283160540728
0.4218,-172160,0.421816084303062,-1.60843030621027e-05
0.4214,-174405,0.421578702185153,-0.000178702185153312
0.4226,-143625,0.421661491920581,0.00093850807941942
0.4255,-89420,0.424095572736796,0.00140442726320367
0.427,-141420,0.426075825617716,0.000924174382284204
0.4279,-89687,0.426142023444638,0.00175797655536236
0.4273,-111932,0.426931260598712,0.000368739401287954
0.429,50025,0.428738616772488,0.000261383227511958
0.4288,62644,0.428782801396161,1.71986038388638e-05
0.4322,63880,0.431912437863207,0.000287562136792485
0.4324,42484,0.433163911306087,-0.000763911306087384
0.433,38896,0.432028978221422,0.000971021778577885
0.432166666666667,8984,0.432541701095746,-0.000375034429079102
0.43305,48963,0.432856985651565,0.000193014348435383
0.4332,71933,0.432888085723282,0.000311914276718284
0.4315,41504,0.430531310881594,0.000968689118406418
0.4321,-11995,0.432271264236227,-0.000171264236227098
0.4328,-2051,0.432625533277987,0.000174466722013433
0.4324,9735,0.433084412212204,-0.000684412212204277
0.4323,24184,0.43248913961976,-0.000189139619760192
0.4314,66587,0.431979529965583,-0.000579529965582692
0.4303,-10938,0.430845284450078,-0.000545284450077621
0.4301,-23359,0.430278485163564,-0.000178485163564335
0.4301,30951,0.429929336756807,0.000170663243192593
0.4295,-6107,0.429949621230221,-0.00044962123022052
0.4302,-4295,0.43025565981469,-5.56598146895793e-05
0.4319,79869,0.431248153245348,0.000651846754651797
0.4307,32234,0.43124540941433,-0.000545409414329567
0.4289,-8290,0.42875194250807,0.00014805749193042
0.42855,10690,0.428802834055427,-0.000252834055427142
0.4299,83964,0.429720025256724,0.000179974743276023
0.4298,37448,0.430213152023574,-0.000413152023574115
0.4287,11920,0.429021207402499,-0.000321207402499524
0.429042857142857,-54021,0.429113523591746,-7.066644888859e-05
0.4295,22937,0.429130799863272,0.000369200136728087
0.4292,-20800,0.429325216038007,-0.000125216038006581
0.42915,-21038,0.429039800143514,0.000110199856486248
0.4304,89898,0.429452292198245,0.00094770780175546
0.4307,65091,0.430157178500272,0.000542821499727564
0.4314,106150,0.431147903815684,0.000252096184315986
0.4313,105594,0.431131138165298,0.000168861834702272
0.4315,111344,0.431737146417352,-0.00023714641735223
0.433566666666667,163456,0.43233572998946,0.00123093667720636
0.43375,180025,0.433587173188453,0.000162826811547057
0.4338,185068,0.433412028723592,0.000387971276408439
0.43405,136960,0.433776011634862,0.000273988365137701
0.4329,89432,0.43309506496128,-0.000195064961279967
0.4327,74318,0.432643929173805,5.60708261947429e-05
0.4319,52532,0.432429628566169,-0.000529628566169227
0.431533333333333,85913,0.431848929443789,-0.000315596110455507
0.4307,2336,0.431514959575484,-0.000814959575484109
0.430933333333333,39374,0.430844800279042,8.85330542909624e-05
0.43065,30064,0.430524662067515,0.000125337932484593
0.4317,88910,0.430634798908549,0.00106520109145092
0.43085,15808,0.430873484470917,-2.34844709173232e-05
0.43067,25999,0.430501719277989,0.000168280722010916
0.4303,-58919,0.430733893381367,-0.000433893381366568
0.4299,31668,0.430260709852501,-0.000360709852501417
0.4309,63153,0.430521560840747,0.000378439159253063
0.4303,51117,0.430683894948929,-0.000383894948928765
0.43,36258,0.430142707118987,-0.000142707118986729
0.42975,-49056,0.430037067256546,-0.000287067256545537
0.4306,51845,0.429910208569137,0.000689791430863118
0.4298,22164,0.430441227093135,-0.000641227093135466
0.4292,-39830,0.429332463083825,-0.000132463083825196
0.4297,-20721,0.429209406691895,0.000490593308104692
0.4293,-35873,0.429693036837278,-0.000393036837277982
0.4295,26801,0.429222117965086,0.000277882034914023
0.4295,49980,0.429539126176526,-3.9126176526294e-05
0.4291,28368,0.429762193512489,-0.00066219351248864
0.4289,40287,0.429308575394798,-0.000408575394797939
0.4271,-22778,0.428768377982165,-0.00166837798216518
0.428,-5660,0.427360878870399,0.000639121129601239
0.4263,22697,0.426165572586857,0.000134427413142679
0.4274,-77238,0.426880657458081,0.00051934254191871
0.4272,13791,0.426491068947144,0.000708931052855855
0.4274,-46555,0.426365805554943,0.00103419444505737
0.42705,-31170,0.426439516742967,0.000610483257033334
0.42705,-43985,0.426470267546122,0.000579732453878323
0.4269,-54004,0.426717470701442,0.000182529298558498
0.42845,-30134,0.427662936755494,0.000787063244505837
0.4285,-44339,0.428187777777769,0.000312222222231151
0.4283,-51733,0.428378333212464,-7.83332124635328e-05
0.42876,17751,0.428617643242355,0.000142356757645123
0.4286,-42682,0.428662017357003,-6.2017357002897e-05
0.4292,-35809,0.42904845620271,0.000151543797290099
0.42985,-36318,0.428891441397634,0.000958558602365545
0.4299,-38309,0.428960988325598,0.000939011674401746
0.4294,-29776,0.429356853914232,4.31460857678312e-05
0.4289,-76353,0.429247023885738,-0.000347023885737985
0.4288,-53050,0.429170301564646,-0.000370301564646347
0.4283,-120576,0.428887395445687,-0.000587395445686867
0.4277,-105134,0.428257691279322,-0.000557691279322203
0.4284,-71590,0.42786472753072,0.000535272469280201
0.4283,-28068,0.428169219205939,0.000130780794060814
0.4286,-42574,0.42824998438481,0.000350015615190269
0.4274,-101995,0.427948298550661,-0.000548298550660797
0.4274,-89458,0.427453752697133,-5.37526971333691e-05
0.4279,-61445,0.42774719719272,0.00015280280727975
0.427433333333333,-91163,0.427880100642965,-0.000446767309632112
0.4276,-64387,0.42744926990337,0.000150730096629748
0.4286,-81104,0.428082471455265,0.000517528544735357
0.4285,-64680,0.428443135796765,5.68642032351963e-05
0.4282,-71380,0.428419993232243,-0.000219993232242699
0.4284,-86198,0.428566605765344,-0.000166605765343719
0.4282,-72998,0.428424153595584,-0.000224153595584309
0.42855,-72101,0.428220380303595,0.000329619696404548
0.4283,-73909,0.428211179252882,8.88207471181901e-05
0.4283,-82600,0.42819345243777,0.000106547562229775
0.4266,-63684,0.42725543102749,-0.000655431027490216
0.42658,-30251,0.426521209956364,5.87900436358479e-05
0.4271,-59832,0.42677382002178,0.000326179978219876
0.427475,-31934,0.427113258261212,0.000361741738787502
0.4281,-38427,0.427642842063427,0.000457157936573027
0.4277,-51396,0.427865909508599,-0.00016590950859946
0.428,-23931,0.427484403722366,0.000515596277633534
0.4285,32322,0.427897228338529,0.000602771661471158
0.43025,87288,0.42868627016884,0.00156372983115982
0.43055,27471,0.429646335511155,0.000903664488844935
0.431371428571429,109532,0.430020621718423,0.00135080685300576
0.4317,86291,0.430744405984335,0.000955594015664474
0.4323,53068,0.432028133392291,0.000271866607708837
0.4323,103266,0.432184972691104,0.000115027308896176
0.431842857142857,116484,0.431804092928792,3.87642140647348e-05
0.4299,-19625,0.43093890961785,-0.00103890961784997
0.43075,86688,0.431044552535793,-0.000294552535792802
0.4303,35812,0.430983682918076,-0.000683682918076134
0.4302,5916,0.430489240211244,-0.000289240211244324
0.4297,-46784,0.429665738825631,3.42611743690546e-05
0.4278,-64473,0.428921177034386,-0.00112117703438624
0.4259,-19705,0.426993899823159,-0.00109389982315872
0.4265,-48452,0.426607701377596,-0.000107701377595526
0.4275,-59573,0.428038682692296,-0.000538682692295511
0.4284,-63378,0.427349528899491,0.00105047110050943
0.429,28659,0.428225173198796,0.000774826801203832
0.4292,-31091,0.429239489272316,-3.94892723160623e-05
0.4289,33401,0.428924901353612,-2.49013536123277e-05
0.4292,3557,0.429110697664813,8.93023351873357e-05
0.4303,24421,0.428746871478447,0.00155312852155337
0.431,105554,0.429638724396578,0.00136127560342192
0.4305,-58275,0.430437681357977,6.2318642023218e-05
0.4293,-99189,0.429822883206898,-0.000522883206898306
0.4282,-49213,0.429176180516767,-0.000976180516767067
0.4287,-41448,0.42883005181945,-0.00013005181945025
0.4292,3541,0.428714741662828,0.00048525833717189
0.4304,71354,0.429240311294484,0.00115968870551553
0.4298,24014,0.430346469639269,-0.000546469639269243
0.4298,-7611,0.430104176114186,-0.000304176114185706
0.4288,-104533,0.429231906208338,-0.000431906208338051
0.428,-79104,0.42875169895843,-0.000751698958429692
0.4285,-74556,0.428089866517275,0.000410133482724784
0.4293,-1895,0.428637585682473,0.000662414317527338
0.429733333333333,-78324,0.429264593218315,0.000468740115018795
0.4303,76567,0.429408502608572,0.000891497391428131
0.4299,61475,0.429874336723725,2.56632762745124e-05
0.4299,14450,0.42987662478058,2.33752194202519e-05
0.4304,95960,0.429932701320632,0.000467298679367845
0.4292,-29752,0.429646874865408,-0.000446874865407731
0.4272,-22391,0.427082261526236,0.00011773847376384
0.4259,-97769,0.426340923697808,-0.000440923697807849
0.4244,-157799,0.424758322452586,-0.000358322452585713
0.4215,-153707,0.424171042348577,-0.00267104234857696
0.4225,-196015,0.425485410811343,-0.00298541081134307
0.419,-281121,0.419320989372954,-0.00032098937295405
0.4198,-202990,0.419945675646004,-0.000145675646003873
0.4207,-170718,0.41999102908193,0.000708970918069596
0.4199,-204969,0.419851276076811,4.87239231885539e-05
0.42115,-199281,0.419971833408246,0.00117816659175385
0.4212,-182858,0.421481254804564,-0.000281254804563702
0.4211,-189738,0.421325850108934,-0.000225850108933667
0.4212,-102915,0.420885370680981,0.000314629319019433
0.421614285714286,-142650,0.421756762774618,-0.000142477060332769
0.4227,-118032,0.422439600460312,0.000260399539687817
0.4226,-155386,0.422790003661078,-0.000190003661078131
0.4233,-161504,0.422708848597232,0.000591151402767887
0.4229,-190561,0.42254296323257,0.000357036767430319
0.422833333333333,-147102,0.422571379310345,0.00026195402298862
0.4234,-157033,0.423263470540978,0.000136529459022094
0.4238,-132707,0.423323491986982,0.000476508013018295
0.4238,-124505,0.423518857209153,0.000281142790847455
0.4241,-131383,0.423857639446135,0.000242360553865062
0.4243,-128967,0.424067639446135,0.000232360553865107
0.4248,-119307,0.424698114019413,0.000101885980587135
0.4226,-186672,0.422337781348088,0.000262218651912449
0.4225,-225730,0.422544383846152,-4.4383846151741e-05
0.4241,-140350,0.422603850221624,0.00149614977837575
0.4239,-146288,0.423590334225073,0.000309665774926915
