"last_value","estimated_value","difference","orderbook_diff"
0.07159,0.0716906701686111,-0.000100670168611067,-136768
0.07165,0.0716616539826297,-1.16539826297002e-05,-181193
0.07165,0.0716570204246977,-7.0204246976624e-06,-225886
0.07175,0.0718319718677736,-8.19718677736031e-05,-152229
0.07174,0.0717324312430419,7.56875695805126e-06,-521215
0.07162,0.071629234267674,-9.23426767400481e-06,-559564
0.071538,0.0716290471010428,-9.10471010427821e-05,-642298
0.07119,0.0714254562312332,-0.000235456231233194,-566465
0.07119,0.0713485715420575,-0.000158571542057451,-509149
0.07122,0.0712392986906932,-1.92986906932258e-05,-625438
0.071405,0.0712490034837887,0.000155996516211274,-565418
0.07148,0.0714295134862172,5.04865137827687e-05,-428492
0.071475,0.0714705571867781,4.44281322194151e-06,-462534
0.0715,0.0714770985497368,2.29014502631797e-05,-511707
0.07159,0.0715571537296767,3.28462703233084e-05,-120073
0.07182,0.0718177535617257,2.24643827434479e-06,-398736
0.071688,0.0717793283162381,-9.13283162381068e-05,-119635
0.071688,0.0717593283162381,-7.13283162381007e-05,-548442
0.07168,0.0716916,-1.16000000000144e-05,-160859
0.07168,0.0716916,-1.16000000000144e-05,-472667
0.071685,0.071677,7.99999999999412e-06,-517911
0.07166,0.071722,-6.19999999999926e-05,-123998
0.07165,0.0716670937349816,-1.7093734981613e-05,-138849
0.07163,0.0716221842632845,7.8157367155024e-06,-541802
0.07163,0.0716141842632845,1.58157367154965e-05,-556865
0.07157,0.071628252818084,-5.82528180840119e-05,-224896
0.07157,0.0715684531058286,1.54689417135312e-06,-563057
0.07155,0.0715681560904706,-1.81560904705808e-05,-237752
0.0716,0.071554522618565,4.54773814350107e-05,-204387
0.0717,0.0716575894004262,4.24105995738416e-05,-509583
0.07177,0.0717343275415898,3.56724584101575e-05,-492477
0.07175,0.0717345378142325,1.54621857675064e-05,-493623
0.07166,0.071669591040003,-9.5910400030319e-06,-183117
0.07164,0.0716569906152383,-1.69906152382715e-05,-239316
0.07161,0.071633595628893,-2.35956288929806e-05,-208752
0.07162,0.0716147839527612,5.21604723881242e-06,-511838
0.07159,0.0716152211221526,-2.52211221525855e-05,-253701
0.07152,0.0715564981554113,-3.6498155411277e-05,-266468
0.07152,0.0715481449857497,-2.81449857496979e-05,-612829
0.0715,0.0715297927139464,-2.97927139464305e-05,-268453
0.071418,0.071501,-8.30000000000136e-05,-402943
0.07143,0.0714304130419125,-4.13041912519785e-07,-407159
0.07135,0.0713567872205392,-6.78722053920611e-06,-460657
0.07139,0.0713565172413794,3.34827586206399e-05,-436668
0.07141,0.071388,2.19999999999942e-05,-359840
0.07141,0.071395,1.49999999999872e-05,-299420
0.07142,0.0713909999999997,2.90000000002927e-05,-288185
0.07141,0.0714169999870466,-6.99998704656313e-06,-271973
0.07141,0.0714149999870466,-4.99998704656113e-06,-268704
0.07105,0.071380289357563,-0.000330289357562949,-330859
0.0713,0.0712685158310965,3.14841689035283e-05,-256278
0.07117,0.0712398413095693,-6.98413095693018e-05,-279505
0.07111,0.0711745072517724,-6.4507251772386e-05,-326669
0.07121,0.0713009666727039,-9.09666727039182e-05,-269790
0.07122,0.0712130516166332,6.94838336680326e-06,-278524
0.07117,0.0712134480014193,-4.34480014193522e-05,-280168
0.07115,0.071166300445634,-1.63004456339988e-05,-195483
0.07115,0.0711678270082528,-1.78270082527715e-05,-278916
0.07106,0.0710546117945145,5.38820548554031e-06,-346918
0.07107,0.0711031795457962,-3.31795457962358e-05,-352095
0.07107,0.0711034293635239,-3.3429363523893e-05,-298610
0.07102,0.0710413395960854,-2.13395960853568e-05,-354975
0.07105,0.0710490312076271,9.68792372949001e-07,-232183
0.071005,0.0710344684692265,-2.9468469226468e-05,-293934
0.07123,0.0710084769190244,0.000221523080975602,-284528
0.07123,0.0710286616059978,0.00020133839400216,-198521
0.07123,0.0710475355647435,0.000182464435256505,-262916
0.0712,0.0712250613956335,-2.50613956335188e-05,-222184
0.07125,0.0712097395576024,4.02604423976188e-05,-176592
0.07122,0.0712377738967435,-1.77738967435115e-05,-239573
0.071275,0.0712370208474067,3.79791525933204e-05,-171415
0.07127,0.0712638015022165,6.19849778352166e-06,-261647
0.07127,0.0712984967381375,-2.84967381374845e-05,-191141
0.07127,0.0713242131528148,-5.42131528148276e-05,-165548
0.07119,0.0712195709748343,-2.95709748343448e-05,-296875
0.07117,0.0711669240397633,3.07596023671475e-06,-282102
0.07116,0.0711676692267507,-7.66922675071724e-06,-307085
0.07113,0.0711506561510146,-2.06561510145836e-05,-359325
0.07102,0.0710435136813793,-2.3513681379303e-05,-348914
0.07095,0.0710103622201648,-6.03622201648252e-05,-339187
0.07092,0.070960505314324,-4.05053143240214e-05,-328459
0.07108,0.0709820519979713,9.79480020287388e-05,-222700
0.071,0.0710166406764925,-1.66406764924854e-05,-304474
0.071,0.0710028687148603,-2.86871486031293e-06,-279937
0.0707,0.0707791228003014,-7.91228003013816e-05,-365260
0.07075,0.0707163793103448,3.36206896551783e-05,-350681
0.07075,0.0707313746575473,1.86253424527133e-05,-339701
0.07083,0.0707816147554792,4.83852445208183e-05,-261323
0.07097,0.0708799913371971,9.00086628029123e-05,-171875
0.071,0.0709755045575873,2.4495442412717e-05,-252158
0.07106,0.0710570015606747,2.99843932534405e-06,-211986
0.07109,0.071052,3.80000000000241e-05,-184899
0.07109,0.071067903830219,2.20961697810218e-05,-184300
0.07109,0.0710671702038402,2.28297961598345e-05,-201344
0.07107,0.0710702835499594,-2.83549959442797e-07,-208931
0.07108,0.0710700200153374,9.97998466262251e-06,-225690
0.07108,0.0710698791284086,1.01208715914264e-05,-185281
0.0711,0.0710772327187258,2.2767281274233e-05,-186755
0.0711,0.0710807990706605,1.92009293395051e-05,-164302
0.07112,0.0710999228601781,2.00771398219113e-05,-149905
0.07108,0.0711752230082243,-9.52230082243433e-05,-160051
0.07108,0.0710825183059781,-2.51830597808311e-06,-199999
0.07108,0.07107644310296,3.55689704002737e-06,-213442
0.07116,0.0711304722153387,2.95277846612679e-05,-198275
0.071115,0.0711562585317614,-4.12585317613734e-05,-252799
0.07117,0.0711167585317614,5.32414682386101e-05,-123464
0.07113,0.0711626180435775,-3.26180435775147e-05,-202617
0.07112,0.0711186666599432,1.33334005678054e-06,-113543
0.07111,0.071121,-1.09999999999971e-05,-219191
0.07107,0.0710217316204541,4.82683795458988e-05,-212127
0.07107,0.0710558208151351,1.41791848648487e-05,-233385
0.07095,0.0709697321976119,-1.97321976119214e-05,-233169
0.07103,0.0709963957503059,3.36042496940497e-05,-233913
0.07111,0.0710582468219534,5.1753178046593e-05,-303659
0.07107,0.0711085853334324,-3.85853334323866e-05,-220702
0.07107,0.0711055074647556,-3.55074647556547e-05,-216967
0.07111,0.0711271794083557,-1.71794083557303e-05,-190874
0.0711733333333333,0.0711091794089169,6.41539244164574e-05,-440067
0.07125,0.0712359168129856,1.40831870144159e-05,-561249
0.07123,0.0711564848870661,7.35151129339223e-05,-239367
0.07112,0.0710995597241801,2.04402758198635e-05,-263569
0.07108,0.0710727839800186,7.2160199814375e-06,-640115
0.071,0.0710389820199346,-3.89820199345886e-05,-242756
0.07102,0.071005953850282,1.40461497180333e-05,-659590
0.07095,0.0709832919433767,-3.32919433766871e-05,-224575
0.07101,0.0709686592869268,4.13407130731708e-05,-284651
0.071067,0.0710084626121731,5.85373878269069e-05,-313063
0.07112,0.0711124306319819,7.56936801805941e-06,-357568
0.07107,0.0710918187965643,-2.18187965643213e-05,-246659
0.07112,0.071075884809986,4.41151900139741e-05,-180356
0.07104,0.0710716429008237,-3.16429008236502e-05,-316537
0.071135,0.0710972480440798,3.77519559202066e-05,-184634
0.07112,0.0711038406407103,1.61593592897524e-05,-239314
0.07109,0.071119527613362,-2.95276133620292e-05,-395595
0.07121,0.0711284917684653,8.15082315346605e-05,-326184
0.07115,0.0711945246071089,-4.45246071088812e-05,-332813
0.07118,0.0711774387708292,2.56122917077772e-06,-289589
0.07115,0.0711698141375473,-1.9814137547286e-05,-285866
0.07118,0.0711496391773195,3.03608226804725e-05,-352883
0.07117,0.071197172438648,-2.71724386479849e-05,-474644
0.07116,0.0711429461837786,1.70538162214129e-05,-449281
0.07115,0.0711266772832899,2.33227167101002e-05,-492657
0.0712,0.0711474992262076,5.25007737924021e-05,-472058
0.07094,0.0710060507112022,-6.60507112021508e-05,-330185
0.0709,0.0709114695069812,-1.14695069811932e-05,-714070
0.07096,0.0709190684373836,4.09315626163503e-05,-623982
0.07094,0.07099461814587,-5.46181458700445e-05,-666621
0.07098,0.0709297293408852,5.02706591148372e-05,-674850
0.07096,0.0709445863278113,1.54136721886855e-05,-690755
0.07106,0.0709617317549877,9.82682450123146e-05,-605021
0.07112,0.0711240128873172,-4.012887317148e-06,-630518
0.07114,0.0711348994156823,5.10058431772709e-06,-621561
0.07117,0.0711375951347287,3.24048652713127e-05,-581856
0.07114,0.0711604982628556,-2.04982628556061e-05,-560841
0.0711333333333333,0.0711399962664411,-6.66293310781774e-06,-501392
0.07117,0.0711387773493962,3.12226506037627e-05,-601840
0.071125,0.0711437503568927,-1.87503568926661e-05,-547810
0.07113,0.0711267730651316,3.22693486839998e-06,-602646
0.07113,0.0711268517001739,3.14829982607512e-06,-612164
0.07113,0.0711215485566223,8.45144337766057e-06,-635937
0.0711,0.0711198278196526,-1.98278196526513e-05,-612600
0.071225,0.0711408056204517,8.41943795482913e-05,-516005
0.07095,0.0711502186755801,-0.000200218675580149,-310353
0.07081,0.0709943940872138,-0.000184394087213796,-476449
0.07068,0.0709197838628709,-0.000239783862870852,-456079
0.07076,0.070822604684455,-6.26046844550004e-05,-460682
0.07096,0.0708233412740325,0.00013665872596752,-345904
0.07072,0.0708899279578705,-0.000169927957870519,-389912
0.07074,0.0708033868347259,-6.33868347259398e-05,-383050
0.07093,0.0708709439584879,5.90560415121288e-05,-329258
0.07078,0.0708240494760942,-4.40494760942378e-05,-426624
0.0707966666666667,0.0707327802565293,6.38864101373954e-05,-376959
0.07064,0.0707127262108807,-7.27262108807386e-05,-359529
0.07064,0.0705281856679966,0.000111814332003357,-325437
0.07039,0.0704337048670297,-4.37048670297313e-05,-408531
0.07058,0.0704168339667485,0.000163166033251477,-258869
0.0705357142857143,0.0704463131754056,8.94011103087233e-05,-210449
0.07058,0.0705599211279416,2.00788720583767e-05,-304581
0.07035,0.070366604613521,-1.66046135210152e-05,-360579
0.07031,0.0703367446979448,-2.67446979447944e-05,-427240
0.07032,0.0703510311254626,-3.10311254626411e-05,-518523
0.07009,0.0703123128677444,-0.00022231286774442,-460772
0.07029,0.0701502227468981,0.000139777253101936,-147794
0.0703666666666667,0.0702994426667751,6.72239998915775e-05,-271414
0.07019,0.0702049542240612,-1.49542240611839e-05,-383231
0.0701566666666667,0.0701555962549298,1.07041173683098e-06,-363765
0.07016,0.0701902312222377,-3.02312222376921e-05,-448834
0.0701,0.0701490319421645,-4.9031942164518e-05,-422410
0.07022,0.0701041916903057,0.000115808309694349,-400699
0.07025,0.0701994784092271,5.05215907728868e-05,-365404
0.07023,0.0702266397177654,3.36028223463236e-06,-425553
0.0703,0.0702314034828316,6.85965171684233e-05,-389241
0.07016,0.0703031101835093,-0.000143110183509293,-421478
0.070045,0.0701814521373098,-0.000136452137309812,-446664
0.070045,0.0701435323947496,-9.85323947495786e-05,-461057
0.070045,0.0701350346607291,-9.00346607290714e-05,-443404
0.07004,0.070064443409777,-2.44434097770169e-05,-493539
0.07005,0.0700499310843326,6.89156674366087e-08,-407313
0.07003,0.0700159632838951,1.40367161049204e-05,-448339
0.07003,0.0700199632838951,1.00367161049164e-05,-408798
0.07017,0.070052,0.000118000000000007,-370399
0.07018,0.070137269966728,4.27300332719593e-05,-384624
0.07019,0.0701740692910433,1.59307089567379e-05,-332652
0.0702,0.070185,1.50000000000011e-05,-341423
0.0702,0.0701914362663573,8.563733642733e-06,-346249
0.07028,0.0702574828080027,2.25171919972927e-05,-188249
0.07028,0.0702602111734759,1.97888265241197e-05,-228887
0.07043,0.070272,0.000158000000000005,-200345
0.07043,0.0703103388809316,0.000119661119068429,-196065
0.0705,0.070429,7.10000000000016e-05,-211912
0.07043,0.0704954432592833,-6.54432592832876e-05,-188700
0.07036,0.0704187269587881,-5.87269587881412e-05,-232498
0.07036,0.0704076806235577,-4.76806235576721e-05,-242356
0.07043,0.0703585259394743,7.14740605256697e-05,-247838
0.07031,0.0704113559247038,-0.000101355924703839,-309880
0.07031,0.0703911274422238,-8.11274422238273e-05,-320191
0.07032,0.0703140710163123,5.92898368768913e-06,-236578
0.07036,0.0703219108366804,3.80891633196129e-05,-183437
0.07033,0.0703438031102774,-1.38031102774189e-05,-341852
0.07032,0.0703303607484455,-1.03607484454593e-05,-407490
0.07026,0.0703138162550775,-5.38162550775406e-05,-423225
0.07026,0.070303380165978,-4.33801659780325e-05,-254415
0.07031,0.0702738029139646,3.61970860354166e-05,-314842
0.07028,0.0703012195534504,-2.12195534503995e-05,-321796
0.0703,0.0703423557874951,-4.23557874951186e-05,-377249
0.07019,0.0702371848960731,-4.71848960730548e-05,-387474
0.0702,0.0702081595487547,-8.15954875468816e-06,-282195
0.07029,0.0702118145100969,7.81854899030987e-05,-278694
0.0702,0.0702313822870089,-3.13822870088715e-05,-379343
0.07023,0.0702054116314617,2.45883685382753e-05,-346487
0.07021,0.0702268705897473,-1.68705897473365e-05,-309043
0.070105,0.070170602714627,-6.56027146269667e-05,-387367
0.07009,0.070155693537873,-6.56935378730017e-05,-412740
0.07,0.0700663496268616,-6.63496268616115e-05,-395439
0.06985,0.0699100230416928,-6.00230416928499e-05,-550332
0.07005,0.0698527694928904,0.000197230507109639,-276096
0.06999,0.0700314554223905,-4.14554223904934e-05,-376831
0.06985,0.0699972507564482,-0.000147250756448183,-535723
0.06982,0.069847358589731,-2.73585897309775e-05,-564651
0.06995,0.0698624331524431,8.75668475568553e-05,-514338
0.07,0.0699297015533518,7.02984466481871e-05,-512994
0.06999,0.0700084374740075,-1.84374740074683e-05,-434434
0.07009,0.0699653333334225,0.000124666666577469,-468604
0.07018,0.0701515165155393,2.84834844606618e-05,-390151
0.07014,0.0701470638980969,-7.06389809691788e-06,-428285
0.07016,0.070100296550456,5.97034495439519e-05,-344937
0.0702,0.0701495241294095,5.04758705904829e-05,-421004
0.070125,0.070145610556648,-2.06105566480513e-05,-461922
0.07009,0.0701194620531012,-2.94620531011563e-05,-417669
0.07008,0.07009404516444,-1.40451644399797e-05,-493095
0.07005,0.0700949167691914,-4.49167691914387e-05,-442824
0.07005,0.0700791060255701,-2.91060255701303e-05,-399535
0.06999,0.0700433854946862,-5.33854946862117e-05,-423982
0.07012,0.0700912531819915,2.87468180085459e-05,-369991
0.07014,0.0701091600513658,3.08399486341621e-05,-451332
0.07006,0.0700863858584771,-2.63858584771265e-05,-476665
0.06991,0.0699964330687519,-8.64330687519455e-05,-525064
0.06996,0.0699636444740928,-3.64447409284541e-06,-416251
0.06996,0.0699380230279833,2.19769720166962e-05,-517560
0.07021,0.0701310281038493,7.89718961507341e-05,-443908
0.07013,0.0701417035451257,-1.17035451256686e-05,-338060
0.0702,0.0701797053373044,2.0294662695583e-05,-376158
0.070045,0.0701473188876917,-0.00010231888769173,-475624
0.06996,0.0699855486733551,-2.5548673355108e-05,-520634
0.06998,0.0699574182686275,2.2581731372498e-05,-366289
0.07001,0.0699995580819293,1.04419180706611e-05,-397191
0.070065,0.0700130655491944,5.19344508055769e-05,-351476
0.07009,0.0700568760645146,3.31239354853935e-05,-357141
0.07009,0.0700950313277223,-5.03132772226855e-06,-365152
0.07007,0.0700887342452754,-1.87342452754036e-05,-355548
0.07007,0.0700670172407511,2.98275924885683e-06,-373188
0.07003,0.0700713995920948,-4.13995920948013e-05,-381497
0.07006,0.0700113412830513,4.8658716948688e-05,-377696
0.07012,0.070140531811405,-2.05318114050029e-05,-297540
0.07014,0.0701137087975769,2.62912024230483e-05,-230167
0.07011,0.0701131946999295,-3.19469992952903e-06,-350457
0.07017,0.0700951207164457,7.48792835542633e-05,-337233
0.07015,0.0701419322031678,8.06779683219794e-06,-323443
0.07021,0.0701752031579111,3.47968420888745e-05,-310838
0.07025,0.0701969861431282,5.30138568718558e-05,-270784
0.070295,0.0702429125633162,5.20874366837509e-05,-184644
0.070255,0.070262277172442,-7.27717244199122e-06,-271007
0.07021,0.0702215758645263,-1.15758645262559e-05,-237687
0.07017,0.0701920625317698,-2.20625317697565e-05,-399905
0.07013,0.0701620548929267,-3.205489292675e-05,-359280
0.07014,0.0701222189235935,1.77810764064451e-05,-274774
0.07019,0.0701719434722454,1.80565277545647e-05,-347492
0.07026,0.0701858998622098,7.41001377901618e-05,-343715
0.0703,0.0702438949130178,5.61050869822e-05,-318499
0.07027,0.0702881798809655,-1.81798809655437e-05,-309603
0.07026,0.0702560411503503,3.95884964969617e-06,-300816
0.07027,0.070258656776446,1.13432235540056e-05,-299206
0.07027,0.070258656776446,1.13432235540056e-05,-299206
0.07027,0.070258656776446,1.13432235540056e-05,-299206
0.07027,0.070258656776446,1.13432235540056e-05,-299206
0.07027,0.070258656776446,1.13432235540056e-05,-299206
0.07027,0.070258656776446,1.13432235540056e-05,-299206
0.07027,0.070258656776446,1.13432235540056e-05,-299206
0.07027,0.070258656776446,1.13432235540056e-05,-299206
0.07027,0.070258656776446,1.13432235540056e-05,-299206
0.07027,0.070258656776446,1.13432235540056e-05,-299206
0.07027,0.070258656776446,1.13432235540056e-05,-299206
0.07027,0.070258656776446,1.13432235540056e-05,-299206
0.07027,0.070258656776446,1.13432235540056e-05,-299206
0.07027,0.070258656776446,1.13432235540056e-05,-299206
0.07027,0.070258656776446,1.13432235540056e-05,-299206
0.07027,0.070258656776446,1.13432235540056e-05,-299206
0.07027,0.070258656776446,1.13432235540056e-05,-299206
0.07027,0.070258656776446,1.13432235540056e-05,-299206
0.07027,0.070258656776446,1.13432235540056e-05,-299206
0.07027,0.070258656776446,1.13432235540056e-05,-299206
0.07027,0.070258656776446,1.13432235540056e-05,-299206
0.07027,0.070258656776446,1.13432235540056e-05,-299206
0.07027,0.070258656776446,1.13432235540056e-05,-299206
0.07027,0.070258656776446,1.13432235540056e-05,-299206
0.07027,0.070258656776446,1.13432235540056e-05,-299206
0.07027,0.070258656776446,1.13432235540056e-05,-299206
0.07027,0.070258656776446,1.13432235540056e-05,-299206
0.07027,0.070258656776446,1.13432235540056e-05,-299206
0.07027,0.070258656776446,1.13432235540056e-05,-299206
0.07027,0.070258656776446,1.13432235540056e-05,-299206
0.07027,0.070258656776446,1.13432235540056e-05,-299206
0.07027,0.070258656776446,1.13432235540056e-05,-299206
0.07027,0.070258656776446,1.13432235540056e-05,-299206
0.07027,0.070258656776446,1.13432235540056e-05,-299206
0.07027,0.070258656776446,1.13432235540056e-05,-299206
0.07027,0.070258656776446,1.13432235540056e-05,-299206
0.07027,0.070258656776446,1.13432235540056e-05,-299206
0.07027,0.070258656776446,1.13432235540056e-05,-299206
0.07027,0.070258656776446,1.13432235540056e-05,-299206
0.07027,0.070258656776446,1.13432235540056e-05,-299206
0.07027,0.070258656776446,1.13432235540056e-05,-299206
0.07027,0.070258656776446,1.13432235540056e-05,-299206
0.07027,0.070258656776446,1.13432235540056e-05,-299206
0.07027,0.070258656776446,1.13432235540056e-05,-299206
0.07027,0.070258656776446,1.13432235540056e-05,-299206
0.07027,0.070258656776446,1.13432235540056e-05,-299206
0.07027,0.070258656776446,1.13432235540056e-05,-299206
0.07027,0.070258656776446,1.13432235540056e-05,-299206
0.07027,0.070258656776446,1.13432235540056e-05,-299206
0.07027,0.0491819725000801,0.0210880274999199,-299206
0.07027,0.0491819725000801,0.0210880274999199,-299206
0.07027,0.0491819725000801,0.0210880274999199,-299206
0.07027,0.0491819725000801,0.0210880274999199,-299206
0.07027,0.0491819725000801,0.0210880274999199,-299206
0.07027,0.0491819725000801,0.0210880274999199,-299206
0.07027,0.0491819725000801,0.0210880274999199,-299206
0.07027,0.0491819725000801,0.0210880274999199,-298798
0.07027,0.0491819725000801,0.0210880274999199,-301600
0.07027,0.0491819725000801,0.0210880274999199,-301600
0.07027,0.0491819725000801,0.0210880274999199,-301600
0.07027,0.0491819725000801,0.0210880274999199,-301600
0.07027,0.0491819725000801,0.0210880274999199,-301600
0.07027,0.0491819725000801,0.0210880274999199,-301600
0.07027,0.0491819725000801,0.0210880274999199,-301600
0.07027,0.0491819725000801,0.0210880274999199,-301600
0.07027,0.0491819725000801,0.0210880274999199,-301600
0.07027,0.0491819725000801,0.0210880274999199,-301600
0.07027,0.0491819725000801,0.0210880274999199,-301600
0.07027,0.0491819725000801,0.0210880274999199,-301600
0.07027,0.0491819725000801,0.0210880274999199,-301600
0.07027,0.0491819725000801,0.0210880274999199,-301600
0.07027,0.0491819725000801,0.0210880274999199,-301600
0.07027,0.0491819725000801,0.0210880274999199,-294299
0.07027,0.0491819725000801,0.0210880274999199,-279726
0.07027,0.0491819725000801,0.0210880274999199,-279726
0.07027,0.0491819725000801,0.0210880274999199,-279726
0.07027,0.0491819725000801,0.0210880274999199,-279726
0.07027,0.0491819725000801,0.0210880274999199,-279726
0.07027,0.0491819725000801,0.0210880274999199,-279726
0.07027,0.0491819725000801,0.0210880274999199,-279726
0.07027,0.0491819725000801,0.0210880274999199,-279726
0.07027,0.0491819725000801,0.0210880274999199,-279726
0.07027,0.0491819725000801,0.0210880274999199,-279726
0.07027,0.0491819725000801,0.0210880274999199,-279726
0.07027,0.0491819725000801,0.0210880274999199,-279726
0.07027,0.0491819725000801,0.0210880274999199,-279726
0.07027,0.0491819725000801,0.0210880274999199,-279726
0.07027,0.0491819725000801,0.0210880274999199,-279726
0.07027,0.0491819725000801,0.0210880274999199,-439403
0.07027,0.0491819725000801,0.0210880274999199,-387686
0.07027,0.0491819725000801,0.0210880274999199,-384656
0.07027,0.0491819725000801,0.0210880274999199,-384656
0.07027,0.0491819725000801,0.0210880274999199,-384656
0.07027,0.0491819725000801,0.0210880274999199,-384656
0.07027,0.0491819725000801,0.0210880274999199,-384656
0.07027,0.0491819725000801,0.0210880274999199,-394687
0.07027,0.0491819725000801,0.0210880274999199,-394687
0.07027,0.0491819725000801,0.0210880274999199,-394687
0.07027,0.0491819725000801,0.0210880274999199,-423590
0.07027,0.0491819725000801,0.0210880274999199,-395894
0.07027,0.0491819725000801,0.0210880274999199,-391254
0.07027,0.0491819725000801,0.0210880274999199,-391254
0.07027,0.0491819725000801,0.0210880274999199,-391254
0.07027,0.0491819725000801,0.0210880274999199,-391254
0.07027,0.0491819725000801,0.0210880274999199,-390258
0.07027,0.0491819725000801,0.0210880274999199,-390258
0.07027,0.0491819725000801,0.0210880274999199,-361201
0.07027,0.0491819725000801,0.0210880274999199,-361201
0.07027,0.0491819725000801,0.0210880274999199,-361201
0.07027,0.0491819725000801,0.0210880274999199,-361201
0.07027,0.0491819725000801,0.0210880274999199,-361201
0.06945,NA,NA,-631672
0.06945,NA,NA,-536257
0.06945,NA,NA,-377607
0.06945,NA,NA,-444682
0.0696,NA,NA,-372878
0.06942,NA,NA,-429610
0.06942,NA,NA,-431926
0.070025,NA,NA,-196646
0.06985,NA,NA,-520349
0.06979,NA,NA,-239077
0.0699,NA,NA,-235744
0.0697966666666667,NA,NA,-332266
0.0697966666666667,NA,NA,-412463
0.0697966666666667,NA,NA,-728260
0.0697966666666667,NA,NA,-382575
0.0697966666666667,NA,NA,-429436
0.06978,NA,NA,-245996
0.06963,NA,NA,-391597
0.06963,NA,NA,-516696
0.06989,NA,NA,-268388
0.06975,NA,NA,-204921
0.06963,NA,NA,-398301
0.06957,0.0696442800910944,-7.42800910944336e-05,-427374
0.06946,0.0696070084534194,-0.000147008453419389,-555959
0.06933,0.0694126857894728,-8.26857894728333e-05,-460406
0.06925,0.0693875047767193,-0.000137504776719283,-361454
0.06915,0.0692386731699148,-8.86731699148158e-05,-803191
0.06908,0.0692049730733777,-0.000124973073377666,-517494
0.06902,0.0690815501607263,-6.15501607263425e-05,-694768
0.06927,0.0691339831163252,0.000136016883674789,-557658
0.06923,0.0692370919760771,-7.09197607708101e-06,-543283
0.06945,0.0693611894748318,8.88105251681953e-05,-390656
0.06936,0.0693537532349729,6.24676502705701e-06,-452324
0.06931,0.069331,-2.09999999999932e-05,-459848
0.06937,0.0693078088014754,6.21911985246165e-05,-564372
0.06944,0.0694636565695151,-2.36565695151264e-05,-435056
0.06944,0.0694633473167663,-2.33473167663145e-05,-453545
0.06971,0.0694827769099419,0.000227223090058085,-345657
0.06961,0.0696853403620201,-7.53403620201293e-05,-376189
0.06959,0.0696007924780058,-1.07924780057972e-05,-344681
0.06947,0.069535770381693,-6.57703816930172e-05,-459701
0.06939,0.069483878100225,-9.38781002249589e-05,-547998
0.0697,0.0697036190748961,-3.61907489611346e-06,-335039
0.06969,0.0697005888336302,-1.05888336301846e-05,-372828
0.06964,0.0696277172416777,1.22827583223378e-05,-411821
0.06967,0.069641344331927,2.86556680729882e-05,-354250
0.06959,0.0697068365852146,-0.000116836585214608,-372591
0.06968,0.0696265,5.35000000000119e-05,-268041
0.06967,0.0696860143195121,-1.60143195121476e-05,-248204
0.06968,0.0696885434230242,-8.54342302419875e-06,-215477
0.069635,0.06967085501506,-3.58550150599962e-05,-289365
0.06961,0.0696345,-2.44999999999829e-05,-409065
0.069576,0.069606,-3.00000000000022e-05,-387309
0.069515,0.0696260458374143,-0.00011104583741435,-322352
0.0698,0.0696735079398071,0.000126492060192884,-296386
0.0698,0.0697274296782598,7.25703217401702e-05,-387345
0.06979,0.0698124479063318,-2.24479063317684e-05,-399553
0.06971,0.0697340000001395,-2.40000001395374e-05,-285201
0.06975,0.0696987272124029,5.12727875970759e-05,-277983
0.06985,0.06975306029987,9.69397001300137e-05,-217151
0.06988,0.0698370377182767,4.29622817233466e-05,-319280
0.06991,0.0698960377057654,1.3962294234629e-05,-368337
0.06991,0.0699030051489068,6.99485109324771e-06,-282893
0.06991,0.0699082518077094,1.7481922905821e-06,-303767
0.0699,0.069925000000003,-2.50000000030087e-05,-362036
0.0698,0.0698790033009892,-7.90033009891722e-05,-314616
0.06974,0.0698659986474875,-0.000125998647487524,-492995
0.06976,0.0697340010067114,2.59989932885896e-05,-395834
0.069595,0.0696438278310814,-4.88278310814549e-05,-375470
0.069635,0.0695903014752028,4.46985247971599e-05,-402286
0.0695875,0.0695820002028995,5.4997971005305e-06,-388582
0.06963,0.0696356316062441,-5.63160624413028e-06,-325984
0.06976,0.0696843840861262,7.56159138737833e-05,-315989
0.0697,0.0696944289256061,5.57107439387583e-06,-306616
0.069735,0.0697174037784049,1.75962215950565e-05,-389001
0.06963,0.069692301186535,-6.23011865349687e-05,-342346
0.06963,0.0696825946910919,-5.25946910919228e-05,-335852
0.06979,0.0696721847486946,0.000117815251305442,-293422
0.06979,0.0696722532444933,0.000117746755506715,-298089
0.06968,0.0696953720071593,-1.53720071593005e-05,-342821
0.06978,0.0697259604855245,5.40395144755235e-05,-220443
0.06966,0.0696574011313123,2.59886868769765e-06,-381301
0.06955,0.0696436695424407,-9.36695424406803e-05,-322812
0.06959,0.0695672341778748,2.2765822125223e-05,-553552
0.06942,0.0694616468208716,-4.16468208715853e-05,-355237
0.06935,0.0693964655840012,-4.64655840011624e-05,-415907
0.0694,0.0693599999999999,4.00000000000678e-05,-449338
0.06935,0.0694,-5.00000000000222e-05,-467030
0.0691475,0.0692506588845667,-0.000103158884566745,-323020
0.06913,0.0690806022621229,4.9397737877141e-05,-481329
0.0693,0.0691496019896394,0.000150398010360556,-303915
0.06933,0.0692712022241239,5.87977758760849e-05,-394825
0.06881,0.0692221322966691,-0.000412132296669115,-385659
0.069,0.0690388015617494,-3.88015617494158e-05,-495348
0.0690833333333333,0.0691739616305964,-9.0628297263029e-05,-458872
0.06911,0.0689978589660021,0.000112141033997898,-353187
0.06913,0.0690455087918094,8.44912081905957e-05,-383583
0.06918,0.0692040525085177,-2.40525085176968e-05,-323347
0.06909,0.0691469805110576,-5.69805110575555e-05,-343352
0.068955,0.0688962108883616,5.87891116383826e-05,-480578
0.06885,0.0689048224870526,-5.48224870526165e-05,-610654
0.06874,0.0688864176013265,-0.000146417601326457,-552150
0.06851,0.0686765321764712,-0.000166532176471224,-572073
0.06891,0.068760099891846,0.000149900108154022,-430815
0.068645,0.0686574171897943,-1.24171897943059e-05,-369436
0.06888,0.0688072758260652,7.27241739347656e-05,-571133
0.06894,0.0689008767760517,3.91232239482925e-05,-449141
0.06888,0.0689136082680989,-3.36082680989364e-05,-338351
0.069,0.0688798210864573,0.000120178913542685,-129523
0.06901,0.06898554954608,2.44504539200219e-05,-101214
0.06901,0.06899154954608,1.84504539200298e-05,-114042
0.06919,0.0690405291633732,0.000149470836626753,-174046
0.06919,0.0690436591120907,0.000146340887909296,-184941
0.0691375,0.0691556591120907,-1.81591120907154e-05,-387572
0.069005,0.0690595842242159,-5.45842242158645e-05,-233496
0.06912,0.0690697318715977,5.0268128402281e-05,-164833
0.06916,0.0691067697451969,5.32302548030827e-05,-223099
0.069192,0.0691907757728332,1.2242271667795e-06,-152780
0.069192,0.0691167965568051,7.52034431948656e-05,-500083
0.06928,0.069174468165253,0.000105531834747,-251314
0.0693,0.0692202638903752,7.97361096248339e-05,-251221
0.06938,0.0692343411095579,0.00014565889044213,-302889
0.06935,0.0693879090528045,-3.79090528045273e-05,-299188
0.06935,0.0693874126516479,-3.74126516479029e-05,-330209
0.06935,0.0693915434507513,-4.15434507512885e-05,-261203
0.06942,0.0694028828292876,1.71171707123996e-05,-324001
0.06941,0.0694317642260316,-2.17642260315898e-05,-252917
0.06941,0.0694259366398245,-1.5936639824507e-05,-305627
0.06942,0.0694356222240146,-1.56222240145915e-05,-363870
0.06944,0.0694289608403036,1.10391596963716e-05,-281743
0.0695522222222222,0.0694483332847311,0.000103888937491151,-296766
0.06963,0.0696568404137239,-2.68404137239164e-05,-286281
0.06959,0.069549561568997,4.04384310029593e-05,-467049
0.06955,0.0695489809679654,1.01903203460207e-06,-439976
0.0695,0.0695363027051805,-3.63027051805132e-05,-424518
0.06957,0.0695141601287552,5.58398712448144e-05,-389868
0.06973,0.0695716398507167,0.000158360149283318,-211685
0.06975,0.0696679221459969,8.20778540031181e-05,-296339
0.07,0.0699498470774923,5.0152922507693e-05,-318075
0.06997,0.0698695294560473,0.00010047054395268,-434659
0.06992,0.0699853819664598,-6.53819664597627e-05,-352158
0.07015,0.0700387025803672,0.000111297419632825,-422863
0.07005,0.0701391493662562,-8.91493662561749e-05,-284722
0.070035,0.0700653493225441,-3.03493225440737e-05,-345367
0.07014,0.0700517987911655,8.82012088345152e-05,-184942
0.07032,0.0702900591650197,2.99408349803132e-05,-337160
0.07034,0.0702980144974129,4.19855025871191e-05,-189306
0.07051,0.0704606435281363,4.93564718637013e-05,-194827
0.07032,0.0704090410131918,-8.90410131918207e-05,-280193
0.07035,0.0703473542668944,2.64573310559957e-06,-251434
0.07032,0.0703604577138761,-4.04577138761186e-05,-278552
0.07038,0.0703663118320628,1.36881679372036e-05,-317788
0.07038,0.0703703118320629,9.68816793714411e-06,-171247
0.07036,0.0704002544972497,-4.02544972497171e-05,-228973
0.07045,0.0703675595295488,8.24404704511533e-05,-265680
0.07059,0.070442559529529,0.000147440470471036,-241843
0.07062,0.0705818237052778,3.81762947222059e-05,-169912
0.07058,0.070755870036779,-0.000175870036779005,-248670
0.0705,0.0705834207854955,-8.34207854955304e-05,-215085
0.07063,0.0705298755592262,0.000100124440773758,-244863
0.07067,0.0706517391324376,1.82608675624446e-05,-90647
0.07055,0.0706348145889067,-8.48145889067037e-05,-228649
0.0708,0.0706832702206083,0.000116729779391728,-123470
0.07081,0.0708002398180806,9.76018191942152e-06,-247527
0.07072,0.0708049984617401,-8.49984617401073e-05,-134277
0.070735,0.0707169830884237,1.8016911576324e-05,-148169
0.07068,0.070744701785955,-6.47017859549681e-05,-224272
0.070865,0.0707192167941477,0.000145783205852318,-191614
0.07085,0.0708611556767292,-1.11556767291854e-05,-175874
0.070735,0.0708314943672678,-9.64943672678298e-05,-223152
0.07082,0.0707610766834308,5.89233165692038e-05,-238116
0.07085,0.0708307306464928,1.92693535071981e-05,-210102
0.07085,0.0708354903144732,1.4509685526784e-05,-157680
0.0709,0.070847421393773,5.25786062269967e-05,-109304
0.07087,0.0708575834982563,1.24165017437311e-05,-79653
0.07088,0.0710292528597101,-0.000149252859710125,-94463
0.07085,0.0708921481033936,-4.2148103393605e-05,-185863
0.07068,0.0707919257514834,-0.000111925751483416,-209495
0.07086,0.0708194510854222,4.05489145778315e-05,-187149
0.07067,0.0705978570504127,7.21429495872533e-05,-304445
0.07056,0.0705389683687056,2.10316312944242e-05,-291648
0.07024,0.070281870472145,-4.18704721449753e-05,-377096
0.07007,0.0702342528482536,-0.000164252848253624,-512971
0.07008,0.070166852520335,-8.68525203349818e-05,-518065
0.07029,0.0702510317408012,3.896825919876e-05,-526288
0.07014,0.0702374391926567,-9.7439192656687e-05,-601349
0.06961,0.0697428735018274,-0.000132873501827405,-617468
0.06978,0.0696266879384451,0.000153312061554875,-529241
0.06976,0.06975265852901,7.34147099003268e-06,-297968
0.06958,0.0695941235059924,-1.41235059924194e-05,-550283
0.06956,0.0695743920833479,-1.43920833478861e-05,-442484
0.06955,0.069476531340451,7.34686595490197e-05,-265692
0.06975,0.0697029018068538,4.70981931462444e-05,-168843
0.06995,0.0698183220270395,0.000131677972960528,-89508
0.07009,0.0700153842958073,7.4615704192732e-05,-96606
0.07015,0.0700787405188935,7.12594811064921e-05,-32351
0.07019,0.0701490377997392,4.09622002607579e-05,-13026
0.07016,0.0701761553604325,-1.61553604325348e-05,-223662
0.07025,0.0702560203618508,-6.02036185080868e-06,-204419
0.07026,0.0702733280851111,-1.33280851110917e-05,-156300
0.070375,0.0703423965294907,3.26034705092904e-05,-200505
0.070525,0.070393283133661,0.000131716866339018,-163554
0.07047,0.0705364975674386,-6.64975674386226e-05,-166865
0.07038,0.0703580018251471,2.19981748528497e-05,-145131
0.07051,0.0705472784888342,-3.72784888342109e-05,-201694
0.070415,0.0704765548548569,-6.15548548569406e-05,-160132
0.07033,0.0704190883986376,-8.90883986375823e-05,-217016
0.07033,0.0703903555179821,-6.03555179820997e-05,-305675
0.07037,0.0703312786981607,3.87213018393368e-05,-137761
0.07032,0.0703511172570615,-3.11172570614943e-05,-92650
0.070225,0.0703178649653827,-9.28649653826608e-05,-550638
0.07031,0.0702413702545519,6.8629745448065e-05,-229787
0.07023,0.0702907550065099,-6.07550065098994e-05,-173066
0.07026,0.0702200404092447,3.99595907552702e-05,-88588
0.07029,0.0702620755514387,2.7924448561284e-05,-395570
0.07033,0.0703031397876088,2.68602123911776e-05,-380217
0.070235,0.0702483686776587,-1.33686776587344e-05,-94101
0.07024,0.0702350341224646,4.96587753540112e-06,-90154
0.07019,0.0702360655314647,-4.60655314647312e-05,-409351
0.07021,0.0702026792455463,7.32075445368519e-06,-149603
0.07016,0.0701717360892085,-1.17360892084584e-05,-214595
0.07023,0.0702551412623972,-2.51412623971659e-05,-184255
0.07003,0.0701784810904751,-0.000148481090475064,-557224
0.07003,0.0700141822762672,1.58177237327833e-05,-576031
0.06991,0.0700059940052593,-9.59940052592673e-05,-308520
0.06999,0.0699736776443645,1.63223556354647e-05,-602671
0.07004,0.0699781373007958,6.18626992041904e-05,-233291
0.0701,0.0700752203807616,2.47796192383576e-05,-498990
0.07014,0.0701218630978753,1.8136902124738e-05,-157793
0.07014,0.0701284768969345,1.15231030655139e-05,-489336
0.07013,0.0701368424182425,-6.84241824250309e-06,-141367
0.07002,0.0701298454536738,-0.000109845453673804,-166687
0.07002,0.0701083497688906,-8.83497688905777e-05,-528150
0.06997,0.0700132302244691,-4.32302244691152e-05,-179580
0.06987,0.069922574445934,-5.257444593397e-05,-322152
0.06987,0.0698903975755466,-2.03975755466435e-05,-574417
0.06987,0.069887731520406,-1.77315204060308e-05,-415936
0.06985,0.0698700151096044,-2.00151096044487e-05,-617697
0.06985,0.0698999281492862,-4.99281492861853e-05,-407200
0.0698,0.0698691538075898,-6.91538075897613e-05,-276141
0.06986,0.0698819513606115,-2.19513606115329e-05,-512361
0.06987,0.0698640274963257,5.9725036742897e-06,-550676
0.06987,0.0698640274963257,5.9725036742897e-06,-589610
0.06992,0.0698447331865136,7.5266813486366e-05,-180228
0.069865,0.0698701280741506,-5.12807415058159e-06,-290816
0.06991,0.069878834732105,3.11652678949559e-05,-589556
0.06984,0.0698593366342046,-1.93366342045864e-05,-437763
0.06987,0.0698440983183763,2.59016816236551e-05,-247837
0.06964,0.0696654497374069,-2.54497374068685e-05,-335905
0.06997,0.0698077012810502,0.000162298718949822,-549530
0.07,0.069994159584519,5.84041548097602e-06,-474491
0.0699,0.0699183318657831,-1.83318657830528e-05,-559312
0.06995,0.0699004862080638,4.95137919361843e-05,-496474
0.07023,0.0701902616796467,3.97383203532692e-05,-441095
0.0702,0.0701489375988716,5.10624011283989e-05,-395526
0.07025,0.0701875313347969,6.24686652031525e-05,-348305
0.070265,0.0702844683209776,-1.94683209776281e-05,-380521
0.070255,0.0702729943038606,-1.79943038606245e-05,-344444
0.07039,0.0704192142735353,-2.92142735352913e-05,-426516
0.07047,0.0705027939975676,-3.27939975676012e-05,-341828
0.07043,0.0704012872745294,2.87127254706282e-05,-496331
0.07056,0.070546413640961,1.35863590390167e-05,-228896
0.07032,0.0704351602336314,-0.000115160233631423,-457672
0.07019,0.0702327663078188,-4.27663078187562e-05,-469544
0.06993,0.069968835073112,-3.88350731120174e-05,-482807
0.07,0.0700019327163326,-1.93271633255887e-06,-500742
0.06996,0.0699355191240244,2.44808759755633e-05,-447934
0.06988,0.0698988471505131,-1.88471505130766e-05,-406574
0.06999,0.069994,-4.000000000004e-06,-419660
0.07007,0.070009,6.09999999999916e-05,-573270
0.07006,0.070063,-2.99999999997524e-06,-537289
0.07006,0.070067,-6.99999999997925e-06,-464015
0.0701,0.0700590003112914,4.09996887086178e-05,-444843
0.07017,0.0701233639046803,4.66360953197131e-05,-401780
0.07021,0.0701947530810617,1.52469189383109e-05,-329760
0.07029,0.0702582083073204,3.1791692679653e-05,-420164
0.07043,0.0703791950847463,5.08049152536799e-05,-339759
0.07054,0.0704837352029198,5.62647970802216e-05,-370895
0.07055,0.0705485802462771,1.41975372290604e-06,-320419
0.07072,0.0705208935905041,0.0001991064094959,-300682
0.07077,0.0707831502705754,-1.31502705754405e-05,-447731
0.070785,0.0707840209998909,9.79000109133099e-07,-435271
0.07077,0.0707872360622459,-1.72360622459483e-05,-476186
0.07079,0.0707247088122599,6.52911877401519e-05,-356100
0.0708,0.0707929777778089,7.02222219113591e-06,-352456
0.07071,0.0708068967575687,-9.68967575687429e-05,-91519
0.07058,0.0706004192833037,-2.04192833036798e-05,-117568
0.07056,0.070589,-2.90000000000151e-05,-171507
0.0708066666666667,0.0708561177471564,-4.9451080489718e-05,-387018
0.07076,0.0707577442566986,2.25574330138534e-06,-396000
0.07083,0.0708019031589635,2.80968410364679e-05,-407431
0.07077,0.0707897613237777,-1.97613237776922e-05,-321652
0.07092,0.0709886585489604,-6.8658548960418e-05,-214436
0.07092,0.0709923705803707,-7.23705803706565e-05,-352781
0.07094,0.0709669315703931,-2.69315703931017e-05,-255584
0.07098,0.0709408406776274,3.91593223725978e-05,-243377
0.0708466666666667,0.070864652467073,-1.79858004063782e-05,-378768
0.07103,0.0709263005654697,0.000103699434530313,-152318
0.07104,0.0710045433414686,3.54566585314409e-05,-231393
0.07091,0.0709673168740109,-5.7316874010907e-05,-283192
0.07088,0.0708865284251652,-6.52842516518648e-06,-342500
0.07082,0.0708998285502374,-7.98285502373736e-05,-389479
0.07078,0.0707956975876628,-1.56975876627746e-05,-282656
0.0708,0.0707796113989875,2.0388601012486e-05,-349038
0.0708,0.0707786174270222,2.13825729777628e-05,-319256
0.07078,0.0707998354213752,-1.98354213751667e-05,-395005
0.07072,0.0707514042513252,-3.14042513252233e-05,-292260
0.07072,0.0707636685359773,-4.36685359773148e-05,-398303
0.07067,0.0706953681213206,-2.53681213205764e-05,-92472
0.07068,0.0706722224849827,7.77751501733481e-06,-83176
0.07054,0.0705507929026624,-1.07929026623987e-05,-35657
0.0705725,0.0705880809147284,-1.55809147283775e-05,-42910
0.07057,0.0705823609179292,-1.23609179292494e-05,-316695
0.0704325,0.0705649494837534,-0.000132449483753419,-142638
0.07058,0.0705562106951146,2.37893048854049e-05,-5317
0.07056,0.0705859557607416,-2.59557607416028e-05,-78686
0.07059,0.0705737787560744,1.62212439255849e-05,-349143
0.070585,0.0705870101179921,-2.01011799204343e-06,-53058
0.070585,0.0705831321256389,1.86787436111391e-06,-105437
0.070605,0.0705889494214759,1.60505785240933e-05,-110394
0.0706,0.0705969895313979,3.01046860212706e-06,-211515
0.07057,0.0705906352090912,-2.06352090911938e-05,-59132
0.07055,0.0705701087315149,-2.01087315149368e-05,-463300
0.07056,0.0705673370749571,-7.33707495711999e-06,-105172
0.07056,0.0705671705467923,-7.17054679230666e-06,-136991
0.070575,0.0705609299265948,1.40700734052313e-05,-473058
0.07059,0.070572743525783,1.72564742169506e-05,-455081
0.07065,0.0706083877412443,4.16122587557494e-05,-427439
0.07068,0.070640781968011,3.92180319890301e-05,-400450
0.07062,0.0706474503244203,-2.74503244202529e-05,-45320
0.07062,0.0706301086577041,-1.01086577040804e-05,-171821
0.07055,0.0706126755768405,-6.26755768404624e-05,-41667
0.07057,0.0705625845691726,7.41543082738438e-06,-86295
0.07058,0.070577509222734,2.49077726598157e-06,-496454
0.07069,0.0705881922326708,0.000101807767329223,-413867
0.07072,0.0706833854119231,3.66145880768831e-05,-44409
0.07065,0.0706701680576138,-2.01680576138452e-05,3454
0.07065,0.0706755931838598,-2.55931838598206e-05,-13338
0.07065,0.0706680755392398,-1.80755392398396e-05,-430122
0.07069,0.0706607965020261,2.92034979739036e-05,-430790
0.07071,0.0707265433408428,-1.65433408428478e-05,-435486
0.07071,0.0707233206166587,-1.33206166587352e-05,-382879
0.07071,0.0707305306736177,-2.05306736177496e-05,-353306
0.0708,0.0707314449256096,6.85550743903945e-05,-349807
0.07071,0.070798379740051,-8.83797400509923e-05,-367729
0.07069,0.0707149695783284,-2.49695783283571e-05,-51649
0.0706033333333333,0.0707158879017092,-0.000112554568375903,-47987
0.0706,0.0706152497167149,-1.52497167149185e-05,-84757
0.07051,0.0706097138565093,-9.97138565092814e-05,-355549
0.0705433333333333,0.0705300721418302,1.32611915031333e-05,-55735
0.0706,0.0705393312058989,6.06687941010486e-05,-102366
0.07075,0.0707177703649017,3.2229635098302e-05,-397604
0.07068,0.0706830262671671,-3.02626716711107e-06,4219
0.07071,0.070677953294618,3.20467053820245e-05,-363160
0.07073,0.0706981304447442,3.18695552557757e-05,-7394
0.07071,0.0707365510235333,-2.65510235332722e-05,-43008
0.07069,0.0707032158947436,-1.32158947436234e-05,-78980
0.07065,0.0706632158608328,-1.32158608327632e-05,10604
0.07065,0.0706552158608328,-5.21586083275516e-06,-14836
0.07072,0.0706524118088245,6.75881911755272e-05,-17886
0.07064,0.0707115635031058,-7.15635031057898e-05,-58519
0.07051,0.070543745255298,-3.37452552979789e-05,-155308
0.07038,0.0704673547305792,-8.73547305792199e-05,-133440
0.07041,0.0704060034634348,3.99653656520116e-06,-181878
0.07034,0.0704277904723363,-8.77904723363271e-05,-68915
0.07036,0.0704099661710679,-4.99661710678667e-05,-336485
0.07036,0.0703730781447132,-1.30781447131717e-05,-97357
0.07036,0.0703508216212822,9.17837871781957e-06,-409597
0.07018,0.0702643381321908,-8.4338132190831e-05,-247949
0.07021,0.0701469623845414,6.30376154586165e-05,-374826
0.07002,0.0699585614628093,6.14385371907056e-05,-206588
0.0700875,0.0700697586206898,1.7741379310196e-05,-115943
0.07002,0.0700781957842033,-5.81957842032549e-05,-252403
0.07011,0.0701770000060322,-6.70000060322279e-05,-89757
0.070235,0.070195999338697,3.90006613030375e-05,-115714
0.07026,0.0702324999998711,2.75000001288689e-05,8407
0.07028,0.070295985682898,-1.59856828979704e-05,-25187
0.0703366666666667,0.070282,5.46666666666751e-05,-72333
0.07028,0.0702875491666951,-7.54916669508388e-06,-94416
0.07025,0.0702667352375535,-1.67352375534807e-05,-29303
0.07,0.0701070452468653,-0.000107045246865334,-232694
0.06986,0.0698954733346965,-3.54733346964592e-05,-286864
0.06989,0.0698182428656518,7.17571343481771e-05,-237613
0.07,0.0699623204418831,3.7679558116871e-05,-99039
0.0698333333333333,0.0698937927669735,-6.0459433640192e-05,-232602
0.06978,0.0698438623582657,-6.38623582657066e-05,-192169
0.0697666666666667,0.0698140017538315,-4.73350871648126e-05,-259062
0.06975,0.0697249974271092,2.50025728908421e-05,-142056
0.06975,0.0697297431434041,2.02568565959294e-05,-189270
0.06975,0.0697347431434041,1.52568565959382e-05,-160366
0.06975,0.069749,1.000000000001e-06,-113134
0.06975,0.069751,-1.000000000001e-06,-102913
0.06979,0.069751,3.90000000000112e-05,-111714
0.06969,0.0696909440114431,-9.44011443071435e-07,-184141
0.06973,0.069712,1.8000000000018e-05,-176318
0.0698,0.069725,7.4999999999964e-05,-144292
0.0699877272727273,0.0698239895152175,0.000163737757509788,4793
0.07009,0.0700407864183131,4.9213581686941e-05,-72647
0.07023,0.0701709999954996,5.90000045004174e-05,7370
0.0702,0.0702016241346291,-1.62413462913291e-06,-71215
0.07013,0.0701654876484383,-3.54876484383038e-05,-52522
0.07012,0.0701267143860785,-6.71438607846575e-06,-151032
0.07006,0.0700760358768146,-1.60358768145907e-05,-197234
0.07008,0.0700548106777836,2.51893222164429e-05,-212116
0.0701,0.0700937585935589,6.24140644109317e-06,47722
0.07008,0.0701433189285796,-6.33189285796226e-05,-50846
0.07008,0.0701276557918583,-4.76557918582532e-05,-123356
0.07014,0.070143750873194,-3.75087319400003e-06,-59000
0.07013,0.070137665957404,-7.66595740403497e-06,-51145
0.07003,0.0700628944672073,-3.28944672072784e-05,-122051
0.06998,0.0700151055632967,-3.51055632966807e-05,-131154
0.06997,0.0699405178720233,2.94821279767238e-05,-350966
0.06991,0.0699463272846652,-3.63272846652107e-05,-98796
0.07,0.0699377415280129,6.22584719870839e-05,-183157
0.07002,0.0700192533136812,7.46686318831014e-07,-154573
0.06999,0.0699891416025457,8.5839745432581e-07,-207133
0.06999,0.0699902338097804,-2.3380978037002e-07,-172262
0.07006,0.069999,6.10000000000055e-05,-137421
0.07004,0.0700705267318762,-3.05267318762154e-05,-232394
0.07006,0.070048860609386,1.11393906139651e-05,-104520
0.07008,0.0700662676110612,1.37323889387725e-05,-192646
0.07005,0.0700686417774378,-1.86417774378222e-05,-227999
0.07005,0.0700691677952208,-1.91677952208202e-05,-156626
0.07011,0.0701065686932808,3.43130671921765e-06,-148019
0.07011,0.0701065686932808,3.43130671921765e-06,-117326
0.07012,0.0701690105412728,-4.90105412728203e-05,-165942
0.07013,0.0701169837085889,1.30162914110804e-05,-187850
0.07007,0.0701239837085804,-5.39837085804518e-05,-124721
0.07018,0.0701717714283543,8.22857164568813e-06,-125686
0.0701,0.0701305773617248,-3.05773617248345e-05,-150578
0.07007,0.0700678918862928,2.10811370721098e-06,-114005
0.07001,0.07007622282749,-6.62228274899701e-05,-173427
0.0701,0.0700434024607664,5.65975392336215e-05,-129652
0.07009,0.0701358946651807,-4.58946651806652e-05,-169546
0.07005,0.0700440461967708,5.95380322924999e-06,-247867
0.07003,0.0700600144645846,-3.00144645846157e-05,-225128
0.06999,0.0700341431292386,-4.41431292386024e-05,-207132
0.06993,0.0699784485817091,-4.84485817090485e-05,-253876
0.0699,0.0699343106517996,-3.43106517995961e-05,-285138
0.06984,0.0699118007458524,-7.18007458523628e-05,-222514
0.06991,0.0698926402873852,1.7359712614809e-05,-162839
0.06999,0.0699163887753304,7.36112246695481e-05,-107320
0.06994,0.0699619122104981,-2.19122104981179e-05,-134004
0.0699,0.0699284000648256,-2.84000648256427e-05,-170257
0.07001,0.0699504918890877,5.95081109123347e-05,-111544
0.06998,0.0699867840191458,-6.78401914584736e-06,-142330
0.06998,0.0699910599236653,-1.10599236653186e-05,-123711
0.06992,0.0699389037281016,-1.89037281015797e-05,-144428
0.06988,0.0699126308346958,-3.26308346957904e-05,-188999
0.06985,0.069880489099571,-3.04890995710266e-05,-210961
0.06992,0.0698594890995708,6.05109004291754e-05,-228468
0.06982,0.0698843005858036,-6.43005858035894e-05,-268260
0.06983,0.0698133328658641,1.66671341358948e-05,-261523
0.0698,0.069836000000158,-3.60000001580485e-05,-277990
0.06982,0.0698090000000001,1.09999999998445e-05,-257173
0.06974,0.0698133333332853,-7.33333332853248e-05,-289329
0.06976,0.0697537204910927,6.27950890730311e-06,-273900
0.06976,0.0697537204910927,6.27950890730311e-06,-236108
0.06976,0.06976,1.38777878078145e-17,-216273
0.06978,0.0697730742862827,6.92571371725681e-06,-256918
0.0698,0.0697949899621189,5.01003788107302e-06,-218164
0.06977,0.0697684137673178,1.58623268224634e-06,-273241
0.0695975,0.069771,-0.000173499999999979,-246399
0.06956,0.0695146669290198,4.53330709802163e-05,-291877
0.06953,0.0695546954022968,-2.46954022967982e-05,-258282
0.06957,0.0695244856699921,4.55143300078925e-05,-215206
0.06949,0.0695097447630811,-1.97447630811004e-05,-339559
0.06973,0.0696902057287004,3.97942712996452e-05,-233082
0.0697633333333333,0.0697150000001236,4.83333332097075e-05,-182519
0.06982,0.0697835096057838,3.64903942161737e-05,-127695
0.06983,0.0698346229791547,-4.6229791546698e-06,-129439
0.06982,0.0697883337126186,3.16662873813822e-05,-79666
0.06979,0.0697761582223478,1.38417776522348e-05,-54281
0.06975,0.069783999986087,-3.39999860870382e-05,-163965
0.06979,0.069756999854115,3.3000145884976e-05,23051
0.06982,0.0697953277392127,2.46722607872979e-05,-63618
0.069755,0.0698111653028337,-5.6165302833644e-05,-91079
0.06961,0.0697133396152044,-0.000103339615204381,-220205
0.06954,0.0695756718192018,-3.56718192018324e-05,-265716
0.06951,0.0695200624601721,-1.00624601720584e-05,-262250
0.069476,0.0694954446777416,-1.94446777416202e-05,-271644
0.0695,0.0695242485930306,-2.42485930305458e-05,-295017
0.069595,0.0695475151216276,4.74848783724308e-05,-259474
0.06956,0.0696160186813623,-5.60186813623187e-05,-295429
0.06952,0.0695444105511146,-2.44105511146425e-05,-333871
0.06946,0.0695226562468526,-6.26562468526021e-05,-348385
0.06945,0.0694605597286228,-1.05597286227527e-05,-281359
0.06969,0.0696376419667051,5.23580332949386e-05,-264767
0.0697,0.069700559606826,-5.59606826031067e-07,-174687
0.06974,0.0697042840446871,3.57159553129316e-05,-147938
0.06976,0.069719299030999,4.07009690009535e-05,-135014
0.06976,0.0697327057000049,2.72942999950537e-05,-136413
0.06985,0.0697744605608719,7.55394391280945e-05,-102147
0.06986,0.0698460406273311,1.39593726688758e-05,-88361
0.06983,0.0698471475087191,-1.71475087191314e-05,-162909
0.06982,0.0697810575710416,3.8942428958369e-05,-83325
0.06982,0.0697965837081582,2.34162918417713e-05,-110885
0.06996,0.0698795309319191,8.04690680808462e-05,-89356
0.07001,0.0699637706688697,4.62293311303402e-05,-85863
0.07004,0.0699652004121208,7.47995878792457e-05,-155137
0.07001,0.0701170499393859,-0.000107049939385928,-199869
0.07,0.0700257361885889,-2.57361885888652e-05,-188382
0.06993,0.0699836829992741,-5.36829992741072e-05,-254536
0.069945,0.0699022071458277,4.27928541723022e-05,-267133
0.06991,0.0699449999916736,-3.49999916735566e-05,-228671
0.06995,0.069919423173836,3.05768261639611e-05,-193209
0.06991,0.0699171899923014,-7.18999230137074e-06,-233476
0.06994,0.0698689923574971,7.1007642502896e-05,-145037
0.06996,0.0699306813350471,2.93186649528848e-05,-299258
0.07025,0.0699578424083109,0.000292157591689143,29628
0.07011,0.0700949744443196,1.50255556803647e-05,-144375
0.0699,0.0700210205273829,-0.000121020527382928,-165516
0.06984,0.0698850007681606,-4.50007681605802e-05,-232232
0.06989,0.0698696569939299,2.03430060700671e-05,-206881
0.07,0.0700353734903946,-3.53734903945913e-05,-215298
0.06993,0.0699519978641291,-2.19978641290697e-05,-200559
0.06995,0.0699289065812749,2.10934187251099e-05,-272214
0.070044,0.0700024142924706,4.15857075294207e-05,-127153
0.06999,0.0699912374850927,-1.23748509274491e-06,-283828
0.06997,0.070010940104286,-4.09401042859997e-05,-215301
0.07012,0.0700488838612673,7.11161387326603e-05,-187842
0.07014,0.070121633041604,1.83669583960211e-05,-149693
0.07027,0.0701506162948107,0.00011938370518931,-214344
0.07019,0.070190001501096,-1.50109601138038e-09,-126620
0.07026,0.0701667083385177,9.32916614823365e-05,-72104
0.07024,0.0702227337429943,1.72662570056548e-05,-53826
0.070245,0.0701843057208403,6.06942791597509e-05,7086
0.0703,0.070306926056204,-6.92605620403186e-06,-92356
0.07025,0.0702391852002638,1.08147997362196e-05,-14365
0.07028,0.0702466977460507,3.33022539492633e-05,-127340
0.07027,0.0702493709337644,2.06290662355946e-05,-105230
0.07021,0.0702168184880084,-6.81848800843099e-06,-98633
0.07018,0.0702263484771725,-4.63484771724976e-05,-133244
0.070165,0.0701615824209996,3.41757900040873e-06,-114002
0.07014,0.0701523742341626,-1.23742341626015e-05,-194813
0.07023,0.0702704082571231,-4.04082571230924e-05,-161863
0.07016,0.0701406858949748,1.93141050251755e-05,-195245
0.07014,0.0701583661369957,-1.83661369957261e-05,-252875
0.07011,0.0700628313676012,4.71686323988141e-05,-219414
0.07016,0.0701634077667958,-3.40776679576271e-06,-189028
0.07015,0.070147370646015,2.62935398499808e-06,-263868
0.07015,0.0701620297978681,-1.202979786806e-05,-253238
0.0702,0.0701545262980816,4.54737019183887e-05,-163824
0.070115,0.0701629725283167,-4.79725283167171e-05,-192440
0.07011,0.070149318116756,-3.93181167560319e-05,-98500
0.07002,0.070042738714864,-2.27387148639541e-05,-226767
0.06998,0.0699577629070647,2.22370929353483e-05,-260912
0.06995,0.0700231727964145,-7.3172796414514e-05,-253780
0.069955,0.0699834793053015,-2.84793053015042e-05,-325880
0.07003,0.0700145240215505,1.54759784494474e-05,-257911
0.07005,0.0700255232199611,2.44767800389456e-05,-250282
0.07005,0.0700385072874495,1.14927125505065e-05,-286203
0.07014,0.0700525052933431,8.74947066568654e-05,-268906
0.070065,0.0701155558392246,-5.05558392246558e-05,-222621
0.07008,0.0700540926788775,2.59073211225092e-05,-190059
0.07013,0.0701243951791532,5.60482084681346e-06,-229011
0.07013,0.0701231241054717,6.87589452831594e-06,-239978
0.07009,0.0701234305568989,-3.34305568989307e-05,-170077
0.07003,0.0700288381790993,1.16182090066641e-06,-88899
0.0701,0.0700242777802104,7.57222197895618e-05,-179419
0.07013,0.0700928220149165,3.71779850835141e-05,-204921
0.07014,0.0701200823913154,1.99176086846248e-05,-191703
0.07021,0.0701438037074571,6.61962925428555e-05,-221906
0.07019,0.0701890656880741,9.34311925951392e-07,-205447
0.0702,0.0701842433747657,1.57566252342867e-05,-173426
0.07016,0.0701966083045159,-3.66083045159338e-05,-218368
0.07003,0.070117472152592,-8.74721525919719e-05,-125043
0.06998,0.0699444181816069,3.55818183930545e-05,-193073
0.07,0.0699816798982648,1.83201017351919e-05,-196747
0.06996,0.0699990810425347,-3.90810425347221e-05,-207804
0.07011,0.0700818249470423,2.81750529577129e-05,-222292
0.07006,0.0700954091431637,-3.54091431637449e-05,-218646
0.07013,0.0700760245597365,5.39754402635456e-05,-202468
0.07013,0.0701294954478862,5.04552113755885e-07,-158972
0.07013,0.0701205038790866,9.49612091336038e-06,-186559
0.07013,0.0701205713887978,9.42861120216409e-06,-207403
0.07008,0.0701206756299354,-4.06756299353994e-05,-130355
0.0701,0.0700779568308093,2.20431691907164e-05,-106425
0.07006,0.0700452932366847,1.47067633152614e-05,-231087
0.07007,0.0700813227795869,-1.13227795869308e-05,-211867
0.07007,0.0700830334652086,-1.30334652086311e-05,-230231
0.07013,0.0700877091734932,4.22908265068078e-05,-209781
0.07005,0.0700827701481193,-3.27701481193376e-05,-182690
0.07014,0.0700773498384563,6.26501615437342e-05,-148623
0.07018,0.0701396075881604,4.03924118396043e-05,-58429
0.06993,0.0701038690094236,-0.000173869009423552,-171924
0.0699,0.0700028571728874,-0.000102857172887369,-211613
0.06982,0.069905386489155,-8.53864891549871e-05,-201118
0.0699,0.06989361900581,6.38099418999449e-06,-144018
0.0699,0.0698970830101684,2.91698983162503e-06,-192396
0.06987,0.0698867189060251,-1.67189060251149e-05,-262612
0.06967,0.0698227207575009,-0.000152720757500918,-161220
0.06979,0.0697763389469455,1.36610530545311e-05,-221858
0.06979,0.0697923330523594,-2.33305235941561e-06,-26643
0.06986,0.0698395907761842,2.04092238157705e-05,-43710
0.06986,0.069850057599252,9.94240074800312e-06,-60463
0.07033,0.0702196889546073,0.000110311045392705,168438
0.07018,0.0701904557436404,-1.04557436403918e-05,2638
